domain,count
www.newel.com,29182
newel.com,7028
fonts.googleapis.com,2104
blog.newel.com,1575
www.newelauctions.com,1069
admin.newel.com,860
www.w3.org,529
www.facebook.com,524
www.googletagmanager.com,523
cdn.searchspring.net,523
www.instagram.com,523
www.pinterest.com,523
newelprops.com,523
stg2.newelprops.com,523
us1-config.doofinder.com,523
s3-us-west-2.amazonaws.com,449
stg2.newel.com,343
schema.org,155
static.parastorage.com,75
github.com,16
cdn.rawgit.com,13
fonts.gstatic.com,10
mdbootstrap.com,8
www.google.com,5
getbootstrap.com,4
www.cloudflare.com,4
static.wixstatic.com,4
icons8.com,4
drive.google.com,4
popper.js.org,3
developers.cloudflare.com,3
twitter.com,3
live.newelauctions.com,3
www.magictoolbox.com,2
fontawesome.io,2
www.newelprops.com,1
goo.gl,1
www.quirksmode.org,1
opensource.org,1
www.woocommerce.com,1
www.gnu.org,1
ionicons.com,1
creativecommons.org,1
plus.google.com,1
ajax.googleapis.com,1
cdnjs.cloudflare.com,1