product_title,original_url,raw_sku,proposed_id,category,page_path,image_count,valid_images,missing_images,image_completeness,has_title,has_description,has_dimensions,has_price,has_category,has_thumbnail,linked_from_home,selection_reason,keep_drop
more works by Camille Gauthier,https://newel.com/product/set-of-6-camille-gauthier-french-art-nouveau-ombelle-foliate-carved-side-chairs,NWL6949,product-nwl6949,furniture.html,newel.com/product/set-of-6-camille-gauthier-french-art-nouveau-ombelle-foliate-carved-side-chairs.html,87,81,0,complete,true,true,true,true,true,true,true,complete+homepage,keep
"more works by Dunbar,Edward Wormley",https://newel.com/product/Edward-J-Wormley-for-Dunbar-Furniture-Co-Mid-Century-American-Two-Section-Walnut-Chest,DUF0266B,product-duf0266b,furniture.html,newel.com/product/Edward-J-Wormley-for-Dunbar-Furniture-Co-Mid-Century-American-Two-Section-Walnut-Chest.html,80,73,0,complete,true,true,true,true,true,true,true,complete+homepage,keep
related items,https://newel.com/product/french-louis-xv-style-inlaid-bombe-shaped-commode-7895,NWL7895,product-nwl7895,furniture.html,newel.com/product/french-louis-xv-style-inlaid-bombe-shaped-commode-7895.html,78,73,0,complete,true,true,true,true,true,true,true,complete+homepage,keep
related items,https://newel.com/product/italian-venetian-grotto-seashell-tete-a-tete,055582,product-055582,furniture.html,newel.com/product/italian-venetian-grotto-seashell-tete-a-tete.html,77,73,0,complete,true,true,true,true,true,true,true,complete+homepage,keep
"more works by Dunbar,Edward Wormley",https://newel.com/product/pair-of-edward-wormley-for-dunbar-american-mid-century-square-wooden-two-tier-end-side-tables,DUF0729,product-duf0729,furniture.html,newel.com/product/pair-of-edward-wormley-for-dunbar-american-mid-century-square-wooden-two-tier-end-side-tables.html,74,68,0,complete,true,true,true,true,true,true,true,complete+homepage,keep
related items,https://newel.com/product/Roger-Sprunger-for-Dunbar-American-Mid-Century-Bronze-and-Smoked-Glass-Coffee-Cocktail-Table,DUF0064,product-duf0064,furniture.html,newel.com/product/Roger-Sprunger-for-Dunbar-American-Mid-Century-Bronze-and-Smoked-Glass-Coffee-Cocktail-Table.html,72,67,0,complete,true,true,true,true,true,true,true,complete+homepage,keep
more works by Aldo Tura,https://newel.com/product/contemporary-american-brown-lacquered-wooden-desk,063540,product-063540,furniture.html,newel.com/product/contemporary-american-brown-lacquered-wooden-desk.html,70,62,0,complete,true,true,true,true,true,true,true,complete+homepage,keep
more works by Chapter Studio,https://newel.com/product/contemporary-middle-eastern-marble-brown-and-white-console,NWL8736,product-nwl8736,furniture.html,newel.com/product/contemporary-middle-eastern-marble-brown-and-white-console.html,67,62,0,complete,true,true,true,true,true,true,true,complete+homepage,keep
more works by Gary DiPasquale,https://newel.com/product/gary-dipasquale-contemporary-wave-form-clay-and-white-glazed-table-lamp,NWL7595,product-nwl7595,lighting.html,newel.com/product/gary-dipasquale-contemporary-wave-form-clay-and-white-glazed-table-lamp.html,69,62,0,complete,true,true,true,true,true,true,true,complete+homepage,keep
related items,https://newel.com/product/english-regency-bird-base-console,028069,product-028069,furniture.html,newel.com/product/english-regency-bird-base-console.html,66,61,0,complete,true,true,true,true,true,true,true,complete+homepage,keep
more works by Dessislava Madanska,https://newel.com/product/contemporary-brass-mirror-candle-holder,NWL8761,product-nwl8761,decor,newel.com/product/contemporary-brass-mirror-candle-holder.html,61,57,0,complete,true,true,true,true,true,true,true,complete+homepage,keep
related items,https://newel.com/product/contemporary-brass-slit-mirror,NWL8737,product-nwl8737,mirrors.html,newel.com/product/contemporary-brass-slit-mirror.html,36,32,0,complete,true,true,true,true,true,true,true,complete+homepage,keep
more works by Roger Capron,https://newel.com/product/french-ceramic-sunburst-coffee-table-1,060478,product-060478,furniture.html,newel.com/product/french-ceramic-sunburst-coffee-table-1.html,38,32,1,complete,true,true,true,true,true,true,true,complete+homepage,keep
more works by Atelier Barda,https://newel.com/product/contemporary-stainless-steel-chabanel-chair,NWL8717,product-nwl8717,furniture.html,newel.com/product/contemporary-stainless-steel-chabanel-chair.html,31,27,0,complete,true,true,true,true,true,true,true,complete+homepage,keep
more works by Evan Fay,https://newel.com/product/contemporary-upholstered-foam-unique-bench,NWL8711,product-nwl8711,furniture.html,newel.com/product/contemporary-upholstered-foam-unique-bench.html,30,27,0,complete,true,true,true,true,true,true,true,complete+homepage,keep
"more works by Maison Bagues,Murano",https://newel.com/product/French-Mid-Century-Metal-and-Murano-Glass-Bird-Chandelier,059283,product-059283,lighting.html,newel.com/product/French-Mid-Century-Metal-and-Murano-Glass-Bird-Chandelier.html,35,25,0,complete,true,true,true,true,true,true,true,complete+homepage,keep
more works by Murano,https://newel.com/product/italian-venetian-murano-gold-dusted-glass-wall-sconces-1,JKG2384,product-jkg2384,lighting.html,newel.com/product/italian-venetian-murano-gold-dusted-glass-wall-sconces-1.html,36,25,0,complete,true,true,true,true,true,true,true,complete+homepage,keep
more works by Murano,https://newel.com/product/italian-venetian-murano-smoked-glass-chandelier-10,JKG2029,product-jkg2029,lighting.html,newel.com/product/italian-venetian-murano-smoked-glass-chandelier-10.html,30,20,0,complete,true,true,true,true,true,true,true,complete+homepage,keep
related items,https://newel.com/product/Pair-of-Outdoor-Neo-Classical-Natural-Patina-Iron-Flute-and-Tambourine-Playing-Putti-Statues,GRS6254,product-grs6254,sculpture.html,newel.com/product/Pair-of-Outdoor-Neo-Classical-Natural-Patina-Iron-Flute-and-Tambourine-Playing-Putti-Statues.html,162,158,1,complete,true,true,true,true,true,true,false,complete-local-images,keep
related items,https://newel.com/product/Thai-Gold-and-Red-Wooden-Bodhisattva-Statues,NWL2204,product-nwl2204,sculpture.html,newel.com/product/Thai-Gold-and-Red-Wooden-Bodhisattva-Statues.html,150,145,0,complete,true,true,true,true,true,true,false,complete-local-images,keep
related items,https://newel.com/product/italian-venetian-polychromed-figures-3,037318A,product-037318a,sculpture.html,newel.com/product/italian-venetian-polychromed-figures-3.html,144,139,3,complete,true,true,true,true,true,true,false,complete-local-images,keep
related items,https://newel.com/product/Pair-of-Chinese-Tang-Dynasty-Style-Tessellated-Bone-Veneer-Monumental-Horse-Statues,062899,product-062899,sculpture.html,newel.com/product/Pair-of-Chinese-Tang-Dynasty-Style-Tessellated-Bone-Veneer-Monumental-Horse-Statues.html,144,139,1,complete,true,true,true,true,true,true,false,complete-local-images,keep
more works by G. Van Der Mersch,https://newel.com/product/art-nouveau-wooden-dancing-figures,040451B,product-040451b,sculpture.html,newel.com/product/art-nouveau-wooden-dancing-figures.html,133,128,5,complete,true,true,true,true,true,true,false,complete-local-images,keep
related items,https://newel.com/product/set-of-4-american-rustic-old-hickory-and-willow-bar-stools,062853,product-062853,funiture,newel.com/product/set-of-4-american-rustic-old-hickory-and-willow-bar-stools.html,132,127,1,complete,true,true,true,true,true,true,false,complete-local-images,keep
related items,https://newel.com/product/contemporary-american-patinated-bronze-abstract-sculpture-on-marble-base-in-the-style-of-brancusi,REG5344,product-reg5344,sculpture.html,newel.com/product/contemporary-american-patinated-bronze-abstract-sculpture-on-marble-base-in-the-style-of-brancusi.html,126,121,1,complete,true,true,true,true,true,true,false,complete-local-images,keep
related items,https://newel.com/product/continental-laplander-painted-figures,057077A,product-057077a,sculpture.html,newel.com/product/continental-laplander-painted-figures.html,114,109,5,complete,true,true,true,true,true,true,false,complete-local-images,keep
related items,https://newel.com/product/monumental-carousel-rooster-figure,040899,product-040899,sculpture.html,newel.com/product/monumental-carousel-rooster-figure.html,108,104,4,complete,true,true,true,true,true,true,false,complete-local-images,keep
related items,https://newel.com/product/italian-venetian-polychromed-figures-10,040606,product-040606,sculpture.html,newel.com/product/italian-venetian-polychromed-figures-10.html,102,97,4,complete,true,true,true,true,true,true,false,complete-local-images,keep
related items,https://newel.com/product/Chinese-Carved-Whitewashed-Wooden-Ram-Statue,NWL2459,product-nwl2459,sculpture.html,newel.com/product/Chinese-Carved-Whitewashed-Wooden-Ram-Statue.html,90,86,2,complete,true,true,true,true,true,true,false,complete-local-images,keep
related items,https://newel.com/product/pair-of-cleo-baldon-for-terra-of-california-mid-century-american-x-frame-avocado-green-barstools,DUF0830,product-duf0830,funiture,newel.com/product/pair-of-cleo-baldon-for-terra-of-california-mid-century-american-x-frame-avocado-green-barstools.html,90,86,1,complete,true,true,true,true,true,true,false,complete-local-images,keep
more works by Designs for Leisure,https://newel.com/product/pair-of-designs-for-leisure-mid-century-american-fluted-column-floral-upholstered-swivel-bar-stools,DUF0873,product-duf0873,funiture,newel.com/product/pair-of-designs-for-leisure-mid-century-american-fluted-column-floral-upholstered-swivel-bar-stools.html,93,86,1,complete,true,true,true,true,true,true,false,complete-local-images,keep
related items,https://newel.com/product/064026,064026,product-064026,sculpture.html,newel.com/product/064026.html,90,85,3,complete,true,true,true,true,true,true,false,complete-local-images,keep
related items,https://newel.com/product/english-regency-mahogany--circular-bench,REG4876,product-reg4876,furniture.html,newel.com/product/english-regency-mahogany--circular-bench.html,90,85,2,complete,true,true,true,true,true,true,false,complete-local-images,keep
related items,https://newel.com/product/italian-monumental-silvered-bronze-equestrian-figure,REG5311,product-reg5311,sculpture.html,newel.com/product/italian-monumental-silvered-bronze-equestrian-figure.html,90,85,1,complete,true,true,true,true,true,true,false,complete-local-images,keep
related items,https://newel.com/product/monumental-figures-of-a-duke-duchess-1,031072A,product-031072a,sculpture.html,newel.com/product/monumental-figures-of-a-duke-duchess-1.html,90,85,1,complete,true,true,true,true,true,true,false,complete-local-images,keep
related items,https://newel.com/product/REG5109,REG5109,product-reg5109,sculpture.html,newel.com/product/REG5109.html,90,85,0,complete,true,true,true,true,true,true,false,complete-local-images,keep
related items,https://newel.com/product/renaissance-walnut-devil-figures,044095,product-044095,sculpture.html,newel.com/product/renaissance-walnut-devil-figures.html,90,85,5,complete,true,true,true,true,true,true,false,complete-local-images,keep
related items,https://newel.com/product/the-pillar-bronze-brutalist-contemporary-figural-sculpture-by-newel-modern,MOD2089,product-mod2089,sculpture.html,newel.com/product/the-pillar-bronze-brutalist-contemporary-figural-sculpture-by-newel-modern.html,90,85,0,complete,true,true,true,true,true,true,false,complete-local-images,keep
related items,https://newel.com/product/argentinian-modern-abstract-stone-sculpture-1960s,REG4475,product-reg4475,sculpture.html,newel.com/product/argentinian-modern-abstract-stone-sculpture-1960s.html,84,80,1,complete,true,true,true,true,true,true,false,complete-local-images,keep
more works by Dillingham Furniture Co.,https://newel.com/product/pair-of-dillingham-mid-century-american-horseshoe-cantilevered-burnt-orange-counter-stools,DUF0829,product-duf0829,funiture,newel.com/product/pair-of-dillingham-mid-century-american-horseshoe-cantilevered-burnt-orange-counter-stools.html,84,80,1,complete,true,true,true,true,true,true,false,complete-local-images,keep
related items,https://newel.com/product/italian-neo-classic-giltwood-stripe-upholstered-dining-side-chair,REG5183,product-reg5183,furniture.html,newel.com/product/italian-neo-classic-giltwood-stripe-upholstered-dining-side-chair.html,83,79,4,complete,true,true,true,true,true,true,false,complete-local-images,keep
related items,https://newel.com/product/mid-century-american-modern-brass-unicorn-sculpture-on-square-base,REG4600,product-reg4600,sculpture.html,newel.com/product/mid-century-american-modern-brass-unicorn-sculpture-on-square-base.html,84,79,1,complete,true,true,true,true,true,true,false,complete-local-images,keep
related items,https://newel.com/product/monumental-bronze-egyptian-figures,056981,product-056981,sculpture.html,newel.com/product/monumental-bronze-egyptian-figures.html,84,79,1,complete,true,true,true,true,true,true,false,complete-local-images,keep
more works by Karl Springer,https://newel.com/product/mid-century-american-embossed-beige-faux-reptile-leather-upholstered-quilted-desk-side-chair,REG5081,product-reg5081,furniture.html,newel.com/product/mid-century-american-embossed-beige-faux-reptile-leather-upholstered-quilted-desk-side-chair.html,89,78,8,complete,true,true,true,true,true,true,false,complete-local-images,keep
related items,https://newel.com/product/mid-century-american-upholstered-seat-armchair,REG4095A,product-reg4095a,furniture.html,newel.com/product/mid-century-american-upholstered-seat-armchair.html,84,78,1,complete,true,true,true,true,true,true,false,complete-local-images,keep
related items,https://newel.com/product/french-louis-xvi-coat-of-arm-embossed-side-chair-,REG5401,product-reg5401,furniture.html,newel.com/product/french-louis-xvi-coat-of-arm-embossed-side-chair-.html,84,75,7,complete,true,true,true,true,true,true,false,complete-local-images,keep
more works by Warren Bacon,https://newel.com/product/pair-of-warren-bacon-mid-century-american-brass-and-wood-horseshoe-cantilever-barstools,DUF0877,product-duf0877,funiture,newel.com/product/pair-of-warren-bacon-mid-century-american-brass-and-wood-horseshoe-cantilever-barstools.html,81,75,0,complete,true,true,true,true,true,true,false,complete-local-images,keep
more works by Milo Baughman,https://newel.com/product/set-of-10-milo-baughman-american-mid-century-polished-steel-and-purple-upholstered-side-chairs,REG5022,product-reg5022,furniture.html,newel.com/product/set-of-10-milo-baughman-american-mid-century-polished-steel-and-purple-upholstered-side-chairs.html,83,75,3,complete,true,true,true,true,true,true,false,complete-local-images,keep
related items,https://newel.com/product/american-contemporary-blue-and-black-mixed-media-orb,REG9104,product-reg9104,sculpture.html,newel.com/product/american-contemporary-blue-and-black-mixed-media-orb.html,78,74,1,complete,true,true,true,true,true,true,false,complete-local-images,keep
related items,https://newel.com/product/american-contemporary-steel-mesh-stacking-chairs,064337,product-064337,furniture.html,newel.com/product/american-contemporary-steel-mesh-stacking-chairs.html,78,74,1,complete,true,true,true,true,true,true,false,complete-local-images,keep
related items,https://newel.com/product/american-mission-leather-and-wood-barstools,064283,product-064283,funiture,newel.com/product/american-mission-leather-and-wood-barstools.html,78,74,1,complete,true,true,true,true,true,true,false,complete-local-images,keep
related items,https://newel.com/product/art-deco-style-american-cast-metal-and-marble-sculpture-of-three-marching-elephants,GRS6293,product-grs6293,sculpture.html,newel.com/product/art-deco-style-american-cast-metal-and-marble-sculpture-of-three-marching-elephants.html,78,74,4,complete,true,true,true,true,true,true,false,complete-local-images,keep
related items,https://newel.com/product/english-victorian-black-tufted-chesterfield-sofa,064333,product-064333,furniture.html,newel.com/product/english-victorian-black-tufted-chesterfield-sofa.html,78,74,1,complete,true,true,true,true,true,true,false,complete-local-images,keep
related items,https://newel.com/product/french-empire-style-arched-cheval-mirror,063585,product-063585,mirrors.html,newel.com/product/french-empire-style-arched-cheval-mirror.html,78,74,1,complete,true,true,true,true,true,true,false,complete-local-images,keep
related items,https://newel.com/product/outdoor-iron-greek-woman-statuary,036075B,product-036075b,sculpture.html,newel.com/product/outdoor-iron-greek-woman-statuary.html,78,74,1,complete,true,true,true,true,true,true,false,complete-local-images,keep
more works by Louis Majorelle,https://newel.com/product/set-of-8-louis-majorelle-french-art-nouveau-carved-walnut-and-sage-green-muslin-side-chairs,NWL6953,product-nwl6953,furniture.html,newel.com/product/set-of-8-louis-majorelle-french-art-nouveau-carved-walnut-and-sage-green-muslin-side-chairs.html,84,74,3,complete,true,true,true,true,true,true,false,complete-local-images,keep
related items,https://newel.com/product/chinese-carved-and-lacquered-warrior-figures,035467,product-035467,sculpture.html,newel.com/product/chinese-carved-and-lacquered-warrior-figures.html,78,73,5,complete,true,true,true,true,true,true,false,complete-local-images,keep
more works by Maison Dominique,https://newel.com/product/dominique-et-cie-french-art-deco-mahogany-beige-and-gold-patterned-upholstered-dining-side-chairs,REG4308,product-reg4308,furniture.html,newel.com/product/dominique-et-cie-french-art-deco-mahogany-beige-and-gold-patterned-upholstered-dining-side-chairs.html,80,73,3,complete,true,true,true,true,true,true,false,complete-local-images,keep
related items,https://newel.com/product/italian-renaissance-iron-page-figures,035467C,product-035467c,sculpture.html,newel.com/product/italian-renaissance-iron-page-figures.html,78,73,5,complete,true,true,true,true,true,true,false,complete-local-images,keep
related items,https://newel.com/product/REG5565,REG5565,product-reg5565,sculpture.html,newel.com/product/REG5565.html,78,73,1,complete,true,true,true,true,true,true,false,complete-local-images,keep
related items,https://newel.com/product/set-of-3-italian-renaissance-musical-figures-1,032270,product-032270,sculpture.html,newel.com/product/set-of-3-italian-renaissance-musical-figures-1.html,78,73,5,complete,true,true,true,true,true,true,false,complete-local-images,keep
related items,https://newel.com/product/native-american-northwest-totem-pole,042411A,product-042411a,sculpture.html,newel.com/product/native-american-northwest-totem-pole.html,78,70,5,complete,true,true,true,true,true,true,false,complete-local-images,keep
more works by Luther Conover,https://newel.com/product/pair-of-luther-conover-mid-century-american-horseshoe-metal-and-wood-counter-stools,DUF0836,product-duf0836,funiture,newel.com/product/pair-of-luther-conover-mid-century-american-horseshoe-metal-and-wood-counter-stools.html,73,69,0,complete,true,true,true,true,true,true,false,complete-local-images,keep
related items,https://newel.com/product/american-contemporary-mustard-yellow-velvet-chairs,064347,product-064347,furniture.html,newel.com/product/american-contemporary-mustard-yellow-velvet-chairs.html,72,68,1,complete,true,true,true,true,true,true,false,complete-local-images,keep
related items,https://newel.com/product/american-mid-century-modern-wood-slice-sculpture,REG9113,product-reg9113,sculpture.html,newel.com/product/american-mid-century-modern-wood-slice-sculpture.html,72,68,1,complete,true,true,true,true,true,true,false,complete-local-images,keep
related items,https://newel.com/product/american-mid-century-slatted-wooden-bar-stools,064280,product-064280,funiture,newel.com/product/american-mid-century-slatted-wooden-bar-stools.html,72,68,2,complete,true,true,true,true,true,true,false,complete-local-images,keep
related items,https://newel.com/product/art-deco-french-shagreen-and-rosewood-cheval-mirror,REG4814,product-reg4814,mirrors.html,newel.com/product/art-deco-french-shagreen-and-rosewood-cheval-mirror.html,72,68,4,complete,true,true,true,true,true,true,false,complete-local-images,keep
more works by Kar,https://newel.com/product/chinese-contemporary-samurai-sword-chair,NWL8740,product-nwl8740,furniture.html,newel.com/product/chinese-contemporary-samurai-sword-chair.html,76,68,4,complete,true,true,true,true,true,true,false,complete-local-images,keep
related items,https://newel.com/product/cleo-baldon-for-terra-of-california-mid-century-american-x-frame-beige-barstool-,DUF0834,product-duf0834,funiture,newel.com/product/cleo-baldon-for-terra-of-california-mid-century-american-x-frame-beige-barstool-.html,72,68,1,complete,true,true,true,true,true,true,false,complete-local-images,keep
more works by Kar,https://newel.com/product/contemporary-beige-amorphous-fiberglass-side-chair,NWL8702,product-nwl8702,furniture.html,newel.com/product/contemporary-beige-amorphous-fiberglass-side-chair.html,76,68,4,complete,true,true,true,true,true,true,false,complete-local-images,keep
related items,https://newel.com/product/continental-mid-century-biomorphic-sculpture,REG5602,product-reg5602,sculpture.html,newel.com/product/continental-mid-century-biomorphic-sculpture.html,72,68,1,complete,true,true,true,true,true,true,false,complete-local-images,keep
more works by Franco Lafini,https://newel.com/product/franco-lafini-italian-mid-century-silver-plate-and-crystal-crane,DUA0040,product-dua0040,sculpture.html,newel.com/product/franco-lafini-italian-mid-century-silver-plate-and-crystal-crane.html,73,68,1,complete,true,true,true,true,true,true,false,complete-local-images,keep
related items,https://newel.com/product/matched-pair-of-art-deco-terracotta-sculpture-or-statues-by-demetre-chiparus,REG4281,product-reg4281,sculpture.html,newel.com/product/matched-pair-of-art-deco-terracotta-sculpture-or-statues-by-demetre-chiparus.html,72,68,2,complete,true,true,true,true,true,true,false,complete-local-images,keep
related items,https://newel.com/product/nuno-walnut-dining-chair-with-cord-seat-1,MOD2048,product-mod2048,furniture.html,newel.com/product/nuno-walnut-dining-chair-with-cord-seat-1.html,72,68,2,complete,true,true,true,true,true,true,false,complete-local-images,keep
more works by Vladimir Kagan,https://newel.com/product/pair-of-vladimir-kagan-contemporary-american-nobu-or-cubist-walnut-upholstered-dining-chairs,REG5043,product-reg5043,furniture.html,newel.com/product/pair-of-vladimir-kagan-contemporary-american-nobu-or-cubist-walnut-upholstered-dining-chairs.html,77,68,1,complete,true,true,true,true,true,true,false,complete-local-images,keep
related items,https://newel.com/product/set-drop-back-bentwood-chairs-10,064336,product-064336,furniture.html,newel.com/product/set-drop-back-bentwood-chairs-10.html,72,68,1,complete,true,true,true,true,true,true,false,complete-local-images,keep
related items,https://newel.com/product/set-scroll-back-bentwood-chairs-5,064335,product-064335,furniture.html,newel.com/product/set-scroll-back-bentwood-chairs-5.html,72,68,1,complete,true,true,true,true,true,true,false,complete-local-images,keep
related items,https://newel.com/product/american-mid-century-brown-leather-lounge-chairs-pair,064345,product-064345,furniture.html,newel.com/product/american-mid-century-brown-leather-lounge-chairs-pair.html,72,67,1,complete,true,true,true,true,true,true,false,complete-local-images,keep
related items,https://newel.com/product/english-victorian-chesterfield-style-brown-tufted-lounge-chairs,064346,product-064346,furniture.html,newel.com/product/english-victorian-chesterfield-style-brown-tufted-lounge-chairs.html,72,67,1,complete,true,true,true,true,true,true,false,complete-local-images,keep
related items,https://newel.com/product/pair-of-mid-century-american-polished-chrome-brass-and-black-leather-barstools,DUF0869,product-duf0869,funiture,newel.com/product/pair-of-mid-century-american-polished-chrome-brass-and-black-leather-barstools.html,72,67,1,complete,true,true,true,true,true,true,false,complete-local-images,keep
related items,https://newel.com/product/pair-of-mid-century-american-triangular-blue-vinyl-upholstered-wood-bar-stools,DUF0898,product-duf0898,funiture,newel.com/product/pair-of-mid-century-american-triangular-blue-vinyl-upholstered-wood-bar-stools.html,72,67,1,complete,true,true,true,true,true,true,false,complete-local-images,keep
related items,https://newel.com/product/renaissance-polychromed-kneeling-figures,034018,product-034018,sculpture.html,newel.com/product/renaissance-polychromed-kneeling-figures.html,72,67,5,complete,true,true,true,true,true,true,false,complete-local-images,keep
"more works by Dunbar,Edward Wormley",https://newel.com/product/set-of-5-american-mid-century-ed-wormley-ebonized-with-striped-upholstery-armchair--,REG4008A,product-reg4008a,furniture.html,newel.com/product/set-of-5-american-mid-century-ed-wormley-ebonized-with-striped-upholstery-armchair--.html,74,67,1,complete,true,true,true,true,true,true,false,complete-local-images,keep
related items,https://newel.com/product/american-mid-century-paul-frankl-dining-chairs,REG5073,product-reg5073,furniture.html,newel.com/product/american-mid-century-paul-frankl-dining-chairs.html,72,64,7,complete,true,true,true,true,true,true,false,complete-local-images,keep
related items,https://newel.com/product/english-victorian-style-tufted-camelback-sofa,064340,product-064340,furniture.html,newel.com/product/english-victorian-style-tufted-camelback-sofa.html,72,64,5,complete,true,true,true,true,true,true,false,complete-local-images,keep
related items,https://newel.com/product/19th-century-indonesian-painted-wood-mile-marker-carving,NWL6761,product-nwl6761,sculpture.html,newel.com/product/19th-century-indonesian-painted-wood-mile-marker-carving.html,66,62,1,complete,true,true,true,true,true,true,false,complete-local-images,keep
related items,https://newel.com/product/american-contemporary-brown-ceramic-sphere,REG9127,product-reg9127,sculpture.html,newel.com/product/american-contemporary-brown-ceramic-sphere.html,66,62,1,complete,true,true,true,true,true,true,false,complete-local-images,keep
related items,https://newel.com/product/art-deco-wrought-iron-cheval-mirror-1,060579,product-060579,mirrors.html,newel.com/product/art-deco-wrought-iron-cheval-mirror-1.html,66,62,4,complete,true,true,true,true,true,true,false,complete-local-images,keep
more works by Michael Thonet,https://newel.com/product/bentwood-thonet-cheval-mirror-1,038062A,product-038062a,mirrors.html,newel.com/product/bentwood-thonet-cheval-mirror-1.html,67,62,0,complete,true,true,true,true,true,true,false,complete-local-images,keep
related items,https://newel.com/product/chrome-and-leather-barstools,064133,product-064133,furniture.html,newel.com/product/chrome-and-leather-barstools.html,66,62,1,complete,true,true,true,true,true,true,false,complete-local-images,keep
related items,https://newel.com/product/contemporary-mid-century-style-walnut-and-textured-charcoal-gray-upholstered-side-chairs,MOD2032,product-mod2032,furniture.html,newel.com/product/contemporary-mid-century-style-walnut-and-textured-charcoal-gray-upholstered-side-chairs.html,65,62,1,complete,true,true,true,true,true,true,false,complete-local-images,keep
related items,https://newel.com/product/corda-bench-footstool-natural-1,MOD2038,product-mod2038,furniture.html,newel.com/product/corda-bench-footstool-natural-1.html,66,62,1,complete,true,true,true,true,true,true,false,complete-local-images,keep
related items,https://newel.com/product/corda-long-bench-natural,MOD2039A,product-mod2039a,furniture.html,newel.com/product/corda-long-bench-natural.html,66,62,1,complete,true,true,true,true,true,true,false,complete-local-images,keep
related items,https://newel.com/product/egyptian-figure-on-base,064097A,product-064097a,sculpture.html,newel.com/product/egyptian-figure-on-base.html,65,62,1,complete,true,true,true,true,true,true,false,complete-local-images,keep
related items,https://newel.com/product/empire-style-cheval-mirror-with-zoomorphic-details,062377,product-062377,mirrors.html,newel.com/product/empire-style-cheval-mirror-with-zoomorphic-details.html,66,62,2,complete,true,true,true,true,true,true,false,complete-local-images,keep
related items,https://newel.com/product/french-mid-century-paulistano-cognac-leather-lounge-chairs,064351,product-064351,furniture.html,newel.com/product/french-mid-century-paulistano-cognac-leather-lounge-chairs.html,66,62,1,complete,true,true,true,true,true,true,false,complete-local-images,keep
related items,https://newel.com/product/MOD2108A,MOD2108A,product-mod2108a,furniture.html,newel.com/product/MOD2108A.html,66,62,1,complete,true,true,true,true,true,true,false,complete-local-images,keep
more works by Steven Sebring,https://newel.com/product/Steven-Sebring-American-Contemporary-Red-Chair,NWL7075,product-nwl7075,furniture.html,newel.com/product/Steven-Sebring-American-Contemporary-Red-Chair.html,71,62,2,complete,true,true,true,true,true,true,false,complete-local-images,keep
related items,https://newel.com/product/toco-counter-stool-walnut-by-newel-modern-1,MOD2058,product-mod2058,funiture,newel.com/product/toco-counter-stool-walnut-by-newel-modern-1.html,66,62,1,complete,true,true,true,true,true,true,false,complete-local-images,keep
related items,https://newel.com/product/032030,032030,product-032030,sculpture.html,newel.com/product/032030.html,66,61,2,complete,true,true,true,true,true,true,false,complete-local-images,keep
related items,https://newel.com/product/american-conetemporary-sabored-leg-black-slipper-chair-,REG5399,product-reg5399,furniture.html,newel.com/product/american-conetemporary-sabored-leg-black-slipper-chair-.html,66,61,2,complete,true,true,true,true,true,true,false,complete-local-images,keep
related items,https://newel.com/product/arno-dining-side-chairs-by-newel-modern-1,MOD2035,product-mod2035,furniture.html,newel.com/product/arno-dining-side-chairs-by-newel-modern-1.html,66,61,3,complete,true,true,true,true,true,true,false,complete-local-images,keep
more works by Thonet,https://newel.com/product/bentwood-thonet-oak-cheval-mirror,038062B,product-038062b,mirrors.html,newel.com/product/bentwood-thonet-oak-cheval-mirror.html,71,61,3,complete,true,true,true,true,true,true,false,complete-local-images,keep
related items,https://newel.com/product/black-leather-steel-lounge-chairs,064344,product-064344,furniture.html,newel.com/product/black-leather-steel-lounge-chairs.html,66,61,6,complete,true,true,true,true,true,true,false,complete-local-images,keep
related items,https://newel.com/product/grecian-bronze-military-woman-figure,042137B,product-042137b,sculpture.html,newel.com/product/grecian-bronze-military-woman-figure.html,66,61,5,complete,true,true,true,true,true,true,false,complete-local-images,keep
more works by Warren Bacon,https://newel.com/product/pair-of-warren-bacon-mid-century-american-chrome-and-wood-cantilever-bar-stools,DUF0880,product-duf0880,funiture,newel.com/product/pair-of-warren-bacon-mid-century-american-chrome-and-wood-cantilever-bar-stools.html,70,61,2,complete,true,true,true,true,true,true,false,complete-local-images,keep
more works by Jules Leleu,https://newel.com/product/set-of-6-jules-leleu-french-art-deco-amboyna-gold-geometric-fabric-upholstered-dining-armchairs,REG5013,product-reg5013,furniture.html,newel.com/product/set-of-6-jules-leleu-french-art-deco-amboyna-gold-geometric-fabric-upholstered-dining-armchairs.html,72,61,4,complete,true,true,true,true,true,true,false,complete-local-images,keep
related items,https://newel.com/product/swedish-neo-classic-monumental-cream-painted-and-parcel-gilt-wall-mirror,REG4004,product-reg4004,mirrors.html,newel.com/product/swedish-neo-classic-monumental-cream-painted-and-parcel-gilt-wall-mirror.html,66,61,6,complete,true,true,true,true,true,true,false,complete-local-images,keep
related items,https://newel.com/product/american-contemporary-black-leather-side-chair-,REG5398,product-reg5398,furniture.html,newel.com/product/american-contemporary-black-leather-side-chair-.html,60,56,1,complete,true,true,true,true,true,true,false,complete-local-images,keep
related items,https://newel.com/product/american-contemporary-green-ceramic-sphere,REG9128,product-reg9128,sculpture.html,newel.com/product/american-contemporary-green-ceramic-sphere.html,60,56,1,complete,true,true,true,true,true,true,false,complete-local-images,keep
more works by Geoffrey Bradfield,https://newel.com/product/american-contemporary-suede-bench-with-side-arms-,NWL7691,product-nwl7691,furniture.html,newel.com/product/american-contemporary-suede-bench-with-side-arms-.html,65,56,1,complete,true,true,true,true,true,true,false,complete-local-images,keep
related items,https://newel.com/product/american-mid-century-wild-asian-teak-tree-root-sculpture,DUA0035,product-dua0035,sculpture.html,newel.com/product/american-mid-century-wild-asian-teak-tree-root-sculpture.html,60,56,1,complete,true,true,true,true,true,true,false,complete-local-images,keep
more works by Kar,https://newel.com/product/contemporary-amorphous-fiberglass-armchair,NWL8701,product-nwl8701,furniture.html,newel.com/product/contemporary-amorphous-fiberglass-armchair.html,65,56,4,complete,true,true,true,true,true,true,false,complete-local-images,keep
more works by Kar,https://newel.com/product/contemporary-beige-fiberglass-tooth-stool,NWL8706,product-nwl8706,furniture.html,newel.com/product/contemporary-beige-fiberglass-tooth-stool.html,64,56,6,complete,true,true,true,true,true,true,false,complete-local-images,keep
more works by Kar,https://newel.com/product/contemporary-brown-fiberglass-low-stool,NWL8705,product-nwl8705,furniture.html,newel.com/product/contemporary-brown-fiberglass-low-stool.html,64,56,6,complete,true,true,true,true,true,true,false,complete-local-images,keep
related items,https://newel.com/product/english-victorian-oxblood-tufted-chesterfield-sofa,064334,product-064334,furniture.html,newel.com/product/english-victorian-oxblood-tufted-chesterfield-sofa.html,60,56,1,complete,true,true,true,true,true,true,false,complete-local-images,keep
related items,https://newel.com/product/french-louis-xv-giltwood-mirror-,REG5156,product-reg5156,mirrors.html,newel.com/product/french-louis-xv-giltwood-mirror-.html,60,56,3,complete,true,true,true,true,true,true,false,complete-local-images,keep
related items,https://newel.com/product/papua-new-guinean-carved-wood-and-cowrie-shell-mask-figure,GRS6314,product-grs6314,sculpture.html,newel.com/product/papua-new-guinean-carved-wood-and-cowrie-shell-mask-figure.html,60,56,1,complete,true,true,true,true,true,true,false,complete-local-images,keep
related items,https://newel.com/product/the-wait-bronze-brutalist-contemporary-figural-sculpture-by-newel-modern,MOD2083,product-mod2083,sculpture.html,newel.com/product/the-wait-bronze-brutalist-contemporary-figural-sculpture-by-newel-modern.html,60,56,1,complete,true,true,true,true,true,true,false,complete-local-images,keep
related items,https://newel.com/product/american-contemporary-art-glass-tropical-fish,064102,product-064102,sculpture.html,newel.com/product/american-contemporary-art-glass-tropical-fish.html,60,55,1,complete,true,true,true,true,true,true,false,complete-local-images,keep
related items,https://newel.com/product/american-windsor-hoop-back-armchair,028014,product-028014,furniture.html,newel.com/product/american-windsor-hoop-back-armchair.html,59,55,1,complete,true,true,true,true,true,true,false,complete-local-images,keep
more works by Kar,https://newel.com/product/contemporary-brownish-arch-bench,NWL8751,product-nwl8751,furniture.html,newel.com/product/contemporary-brownish-arch-bench.html,65,55,5,complete,true,true,true,true,true,true,false,complete-local-images,keep
related items,https://newel.com/product/dutch-carved-wooden-eagle-figure,020801,product-020801,sculpture.html,newel.com/product/dutch-carved-wooden-eagle-figure.html,60,55,5,complete,true,true,true,true,true,true,false,complete-local-images,keep
Customizable French Art Deco Style Custom Wooden Upholstered Bench (Made to Order),https://newel.com/product/french-art-deco-wooden-upholstered-bench-1-mto,MTO062876,product-mto062876,furniture.html,newel.com/product/french-art-deco-wooden-upholstered-bench-1-mto.html,55,55,1,complete,true,true,true,true,true,true,false,complete-local-images,keep
related items,https://newel.com/product/italian-renaissance-religious-scholar-figure,016160D,product-016160d,sculpture.html,newel.com/product/italian-renaissance-religious-scholar-figure.html,60,55,4,complete,true,true,true,true,true,true,false,complete-local-images,keep
related items,https://newel.com/product/italian-renaissance-walnut-musician-figures,039400,product-039400,sculpture.html,newel.com/product/italian-renaissance-walnut-musician-figures.html,60,55,5,complete,true,true,true,true,true,true,false,complete-local-images,keep
related items,https://newel.com/product/japanese-bronze-buddhist-turtle-and-crane-figurine,032115,product-032115,sculpture.html,newel.com/product/japanese-bronze-buddhist-turtle-and-crane-figurine.html,60,55,1,complete,true,true,true,true,true,true,false,complete-local-images,keep
more works by Knoll,https://newel.com/product/knoll-american-contemporary-barcelona-black-leather-sofa,064338,product-064338,furniture.html,newel.com/product/knoll-american-contemporary-barcelona-black-leather-sofa.html,66,55,2,complete,true,true,true,true,true,true,false,complete-local-images,keep
related items,https://newel.com/product/renaissance-polychromed-winged-figures,034018A,product-034018a,sculpture.html,newel.com/product/renaissance-polychromed-winged-figures.html,60,55,5,complete,true,true,true,true,true,true,false,complete-local-images,keep
related items,https://newel.com/product/scotsman-carousel-style-painted-kilt-figure,054113,product-054113,sculpture.html,newel.com/product/scotsman-carousel-style-painted-kilt-figure.html,60,55,2,complete,true,true,true,true,true,true,false,complete-local-images,keep
related items,https://newel.com/product/sheraton-satinwood-cheval-mirror,040081A,product-040081a,mirrors.html,newel.com/product/sheraton-satinwood-cheval-mirror.html,60,55,1,complete,true,true,true,true,true,true,false,complete-local-images,keep
related items,https://newel.com/product/the-preacher-bronze-brutalist-contemporary-figural-sculpture-by-newel-modern,MOD2087,product-mod2087,sculpture.html,newel.com/product/the-preacher-bronze-brutalist-contemporary-figural-sculpture-by-newel-modern.html,60,55,0,complete,true,true,true,true,true,true,false,complete-local-images,keep
related items,https://newel.com/product/the-seer-bronze-brutalist-contemporary-figural-sculpture-by-newel-modern,MOD2082,product-mod2082,sculpture.html,newel.com/product/the-seer-bronze-brutalist-contemporary-figural-sculpture-by-newel-modern.html,60,55,0,complete,true,true,true,true,true,true,false,complete-local-images,keep
related items,https://newel.com/product/vienesse-sessionist-movement-side-chairs,REG4850,product-reg4850,furniture.html,newel.com/product/vienesse-sessionist-movement-side-chairs.html,60,55,3,complete,true,true,true,true,true,true,false,complete-local-images,keep
related items,https://newel.com/product/american-mid-century-yellow-fabric-upholstered-lounge-chairs,064288B,product-064288b,furniture.html,newel.com/product/american-mid-century-yellow-fabric-upholstered-lounge-chairs.html,84,53,28,complete,true,true,true,true,true,true,false,complete-local-images,keep
related items,https://newel.com/product/american-mid-century-brown-channeled-leather-bench,063931,product-063931,furniture.html,newel.com/product/american-mid-century-brown-channeled-leather-bench.html,54,50,1,complete,true,true,true,true,true,true,false,complete-local-images,keep
related items,https://newel.com/product/american-mid-century-yellow-fabric-upholstered-lounge-chairs-c,064288C,product-064288c,furniture.html,newel.com/product/american-mid-century-yellow-fabric-upholstered-lounge-chairs-c.html,54,50,1,complete,true,true,true,true,true,true,false,complete-local-images,keep
more works by Kar,https://newel.com/product/contemporary-beige-fiberglass-low-stool,NWL8704,product-nwl8704,furniture.html,newel.com/product/contemporary-beige-fiberglass-low-stool.html,58,50,6,complete,true,true,true,true,true,true,false,complete-local-images,keep
related items,https://newel.com/product/egyptian-insect-figure-on-base,064097B,product-064097b,sculpture.html,newel.com/product/egyptian-insect-figure-on-base.html,53,50,1,complete,true,true,true,true,true,true,false,complete-local-images,keep
related items,https://newel.com/product/grendel-bite-bronze-brutalist-contemporary-figural-sculpture-by-newel-modern,MOD2084,product-mod2084,sculpture.html,newel.com/product/grendel-bite-bronze-brutalist-contemporary-figural-sculpture-by-newel-modern.html,54,50,1,complete,true,true,true,true,true,true,false,complete-local-images,keep
related items,https://newel.com/product/mallard-bronze-brutalist-contemporary-figural-sculpture-by-newel-modern,MOD2085,product-mod2085,sculpture.html,newel.com/product/mallard-bronze-brutalist-contemporary-figural-sculpture-by-newel-modern.html,54,50,1,complete,true,true,true,true,true,true,false,complete-local-images,keep
related items,https://newel.com/product/MOD2108G,MOD2108G,product-mod2108g,funiture,newel.com/product/MOD2108G.html,54,50,1,complete,true,true,true,true,true,true,false,complete-local-images,keep
related items,https://newel.com/product/african-tikar-bronze-stool-cameroon,NWL7974,product-nwl7974,furniture.html,newel.com/product/african-tikar-bronze-stool-cameroon.html,52,49,1,complete,true,true,true,true,true,true,false,complete-local-images,keep
related items,https://newel.com/product/american-contemporary-circular-metal-sculpture,REG5615,product-reg5615,sculpture.html,newel.com/product/american-contemporary-circular-metal-sculpture.html,54,49,1,complete,true,true,true,true,true,true,false,complete-local-images,keep
more works by Curtis Jere,https://newel.com/product/american-mid-century-modern-onyx-and-brass-sculpture-of-a-globe-curtis-jere,REG4537,product-reg4537,sculpture.html,newel.com/product/american-mid-century-modern-onyx-and-brass-sculpture-of-a-globe-curtis-jere.html,60,49,2,complete,true,true,true,true,true,true,false,complete-local-images,keep
related items,https://newel.com/product/contemporary-white-marble-sculpture-of-elephant,NWL6971,product-nwl6971,sculpture.html,newel.com/product/contemporary-white-marble-sculpture-of-elephant.html,54,49,1,complete,true,true,true,true,true,true,false,complete-local-images,keep
related items,https://newel.com/product/english-regency-black-lacquered-chinoiserie-decorated-side-chair,028035,product-028035,furniture.html,newel.com/product/english-regency-black-lacquered-chinoiserie-decorated-side-chair.html,54,49,1,complete,true,true,true,true,true,true,false,complete-local-images,keep
related items,https://newel.com/product/luna-bronze-brutalist-contemporary-figural-sculpture-by-newel-modern,MOD2086,product-mod2086,sculpture.html,newel.com/product/luna-bronze-brutalist-contemporary-figural-sculpture-by-newel-modern.html,54,49,0,complete,true,true,true,true,true,true,false,complete-local-images,keep
related items,https://newel.com/product/mac-custom-upholstered-queen-headboard,064671,product-064671,funiture,newel.com/product/mac-custom-upholstered-queen-headboard.html,54,49,0,complete,true,true,true,true,true,true,false,complete-local-images,keep
related items,https://newel.com/product/pair-of-contemporary-american-carved-wood-sphere-sculptures,REG4661,product-reg4661,sculpture.html,newel.com/product/pair-of-contemporary-american-carved-wood-sphere-sculptures.html,54,49,1,complete,true,true,true,true,true,true,false,complete-local-images,keep
related items,https://newel.com/product/victorian-bamboo-triptych-cheval-mirror,037757A,product-037757a,mirrors.html,newel.com/product/victorian-bamboo-triptych-cheval-mirror.html,54,49,1,complete,true,true,true,true,true,true,false,complete-local-images,keep
related items,https://newel.com/product/viennese-sucessionist-egyptian-revival-thebes-stools,NWL7571,product-nwl7571,furniture.html,newel.com/product/viennese-sucessionist-egyptian-revival-thebes-stools.html,53,49,1,complete,true,true,true,true,true,true,false,complete-local-images,keep
more works by Vittorio Dassi,https://newel.com/product/vittorio-dassi-mid-century-italian-modern-walnut-and-black-leather-upholstered-long-bench-,REG4978,product-reg4978,furniture.html,newel.com/product/vittorio-dassi-mid-century-italian-modern-walnut-and-black-leather-upholstered-long-bench-.html,60,49,1,complete,true,true,true,true,true,true,false,complete-local-images,keep
related items,https://newel.com/product/reg5129,REG5129,product-reg5129,mirrors.html,newel.com/product/reg5129.html,60,46,13,complete,true,true,true,true,true,true,false,complete-local-images,keep
more works by Charles Hollis Jones,https://newel.com/product/set-of-6-charles-hollis-jones-american-contemporary-clear-and-multi-colored-lucite-dining-side-chairs,REG5385,product-reg5385,furniture.html,newel.com/product/set-of-6-charles-hollis-jones-american-contemporary-clear-and-multi-colored-lucite-dining-side-chairs.html,53,45,0,complete,true,true,true,true,true,true,false,complete-local-images,keep
related items,https://newel.com/product/chinese-carved-painted-wood-dressing-table-vanity-mirror-with-gilt-highlights,GRS6302,product-grs6302,mirrors.html,newel.com/product/chinese-carved-painted-wood-dressing-table-vanity-mirror-with-gilt-highlights.html,83,44,38,complete,true,true,true,true,true,true,false,complete-local-images,keep
more works by Pietro Franceschini,https://newel.com/product/contemporary-steel-gold-arch-bench,NWL8747,product-nwl8747,furniture.html,newel.com/product/contemporary-steel-gold-arch-bench.html,49,44,5,complete,true,true,true,true,true,true,false,complete-local-images,keep
related items,https://newel.com/product/American-Federal-style-mahogany-and-gold-wall-mirror-,063836,product-063836,mirrors.html,newel.com/product/American-Federal-style-mahogany-and-gold-wall-mirror-.html,47,43,5,complete,true,true,true,true,true,true,false,complete-local-images,keep
more works by Arno Declercq,https://newel.com/product/contemporary-four-legs-burned-and-waxed-iroko-wood-stool,NWL8719,product-nwl8719,furniture.html,newel.com/product/contemporary-four-legs-burned-and-waxed-iroko-wood-stool.html,49,43,6,complete,true,true,true,true,true,true,false,complete-local-images,keep
related items,https://newel.com/product/french-empire-mahogany-mirror,REG5158,product-reg5158,mirrors.html,newel.com/product/french-empire-mahogany-mirror.html,42,38,2,complete,true,true,true,true,true,true,false,complete-local-images,keep
related items,https://newel.com/product/african-ivory-coast-early-21st-century-carved-wooden-kafigueledio-senoufo-fetish-figure-,NWL8583,product-nwl8583,sculpture.html,newel.com/product/african-ivory-coast-early-21st-century-carved-wooden-kafigueledio-senoufo-fetish-figure-.html,71,37,35,complete,true,true,true,true,true,true,false,complete-local-images,keep
related items,https://newel.com/product/american-mid-century-white-painted-wall-mirror,REG4196,product-reg4196,mirrors.html,newel.com/product/american-mid-century-white-painted-wall-mirror.html,42,37,6,complete,true,true,true,true,true,true,false,complete-local-images,keep
related items,https://newel.com/product/faux-bamboo-needlepoint-stool-2,028022,product-028022,furniture.html,newel.com/product/faux-bamboo-needlepoint-stool-2.html,42,37,2,complete,true,true,true,true,true,true,false,complete-local-images,keep
related items,https://newel.com/product/gio-ponti-style-italian-mid-century-gold-asymmetrical-wall-mirror-,NWL6992,product-nwl6992,mirrors.html,newel.com/product/gio-ponti-style-italian-mid-century-gold-asymmetrical-wall-mirror-.html,42,37,6,complete,true,true,true,true,true,true,false,complete-local-images,keep
related items,https://newel.com/product/italian-mid-century-floral-round-murano-glass-wall-mirror-,NWL6997,product-nwl6997,mirrors.html,newel.com/product/italian-mid-century-floral-round-murano-glass-wall-mirror-.html,42,37,6,complete,true,true,true,true,true,true,false,complete-local-images,keep
more works by Fontana Arte,https://newel.com/product/italian-mid-century-fontana-arte-wall-mirror-,REG5133,product-reg5133,mirrors.html,newel.com/product/italian-mid-century-fontana-arte-wall-mirror-.html,48,37,7,complete,true,true,true,true,true,true,false,complete-local-images,keep
related items,https://newel.com/product/italian-rococo-silver-gilt-wall-mirror-,063835,product-063835,mirrors.html,newel.com/product/italian-rococo-silver-gilt-wall-mirror-.html,41,37,4,complete,true,true,true,true,true,true,false,complete-local-images,keep
more works by Paolo Buffa,https://newel.com/product/paolo-buffa-italian-mid-century-brown-rectangle-wall-mirror,REG4967A,product-reg4967a,mirrors.html,newel.com/product/paolo-buffa-italian-mid-century-brown-rectangle-wall-mirror.html,48,37,8,complete,true,true,true,true,true,true,false,complete-local-images,keep
related items,https://newel.com/product/REG5138,REG5138,product-reg5138,mirrors.html,newel.com/product/REG5138.html,42,37,1,complete,true,true,true,true,true,true,false,complete-local-images,keep
related items,https://newel.com/product/victorian-stripped-musician-figures,037391C,product-037391c,sculpture.html,newel.com/product/victorian-stripped-musician-figures.html,42,37,4,complete,true,true,true,true,true,true,false,complete-local-images,keep
more works by Curtis Jere,https://newel.com/product/american-contemporary-curtis-jere-oxidized-brass-wall-sculpture,REG5405,product-reg5405,sculpture.html,newel.com/product/american-contemporary-curtis-jere-oxidized-brass-wall-sculpture.html,42,32,2,complete,true,true,true,true,true,true,false,complete-local-images,keep
more works by Kar,https://newel.com/product/contemporay-circular-lounge-chairs,NWL8716,product-nwl8716,furniture.html,newel.com/product/contemporay-circular-lounge-chairs.html,40,32,4,complete,true,true,true,true,true,true,false,complete-local-images,keep
more works by Curtis Jere,https://newel.com/product/curtis-jere-starburst-sculpture,REG4671,product-reg4671,sculpture.html,newel.com/product/curtis-jere-starburst-sculpture.html,42,32,2,complete,true,true,true,true,true,true,false,complete-local-images,keep
related items,https://newel.com/product/louis-xvi-mahogany-cheval-mirror,PPM030,product-ppm030,mirrors.html,newel.com/product/louis-xvi-mahogany-cheval-mirror.html,36,32,1,complete,true,true,true,true,true,true,false,complete-local-images,keep
more works by Lane Furniture,https://newel.com/product/american-mid-century-cubist-mirror,REG5155,product-reg5155,mirrors.html,newel.com/product/american-mid-century-cubist-mirror.html,42,31,5,complete,true,true,true,true,true,true,false,complete-local-images,keep
more works by Lucas Tyra Morten,https://newel.com/product/contemporary-kub-chair,NWL8753,product-nwl8753,furniture.html,newel.com/product/contemporary-kub-chair.html,37,31,2,complete,true,true,true,true,true,true,false,complete-local-images,keep
more works by Daum,https://newel.com/product/french-art-deco-pate-de-verre-alligator-sculpture-daum-france,REG4250,product-reg4250,sculpture.html,newel.com/product/french-art-deco-pate-de-verre-alligator-sculpture-daum-france.html,42,31,4,complete,true,true,true,true,true,true,false,complete-local-images,keep
related items,https://newel.com/product/italian-neo-classic-walnut-cheval-mirror,037757B,product-037757b,mirrors.html,newel.com/product/italian-neo-classic-walnut-cheval-mirror.html,36,31,2,complete,true,true,true,true,true,true,false,complete-local-images,keep
related items,https://newel.com/product/italian-renaissance-painted-cavalier-figures,037744,product-037744,sculpture.html,newel.com/product/italian-renaissance-painted-cavalier-figures.html,36,31,4,complete,true,true,true,true,true,true,false,complete-local-images,keep
related items,https://newel.com/product/mid-century-lionel-model-locomotive-train-1,050057,product-050057,sculpture.html,newel.com/product/mid-century-lionel-model-locomotive-train-1.html,36,30,2,complete,true,true,true,true,true,true,false,complete-local-images,keep
more works by Sue et Mare,https://newel.com/product/sue-et-mare-french-art-deco-giltwood-upholstered-bench,REG4007,product-reg4007,furniture.html,newel.com/product/sue-et-mare-french-art-deco-giltwood-upholstered-bench.html,94,27,67,complete,true,true,true,true,true,true,false,complete-local-images,keep
related items,https://newel.com/product/egyptian-carved-sarcophagus-figure,051113,product-051113,sculpture.html,newel.com/product/egyptian-carved-sarcophagus-figure.html,30,25,6,complete,true,true,true,true,true,true,false,complete-local-images,keep
related items,https://newel.com/product/louis-xvi-gilt-cheval-mirror,CON118,product-con118,mirrors.html,newel.com/product/louis-xvi-gilt-cheval-mirror.html,30,25,3,complete,true,true,true,true,true,true,false,complete-local-images,keep
related items,https://newel.com/product/mid-century-box-of-lionel-model-train-parts,050060,product-050060,sculpture.html,newel.com/product/mid-century-box-of-lionel-model-train-parts.html,30,25,1,complete,true,true,true,true,true,true,false,complete-local-images,keep
related items,https://newel.com/product/outdoor-iron-nubian-women-statuaries-1,042147B,product-042147b,sculpture.html,newel.com/product/outdoor-iron-nubian-women-statuaries-1.html,30,25,1,complete,true,true,true,true,true,true,false,complete-local-images,keep
more works by Kar,https://newel.com/product/contemporary-black-amorphous-playdough-fiberglass-side-chair,NWL8703,product-nwl8703,furniture.html,newel.com/product/contemporary-black-amorphous-playdough-fiberglass-side-chair.html,28,20,4,complete,true,true,true,true,true,true,false,complete-local-images,keep
related items,https://newel.com/product/outdoor-iron-female-figure-statuary-1,042147C,product-042147c,sculpture.html,newel.com/product/outdoor-iron-female-figure-statuary-1.html,24,20,1,complete,true,true,true,true,true,true,false,complete-local-images,keep
related items,https://newel.com/product/pair-of-burmese-carved-teak-standing-figure-1,031323,product-031323,sculpture.html,newel.com/product/pair-of-burmese-carved-teak-standing-figure-1.html,24,19,5,complete,true,true,true,true,true,true,false,complete-local-images,keep
more works by Kar,https://newel.com/product/contemporary-black-tooth-stools,NWL8750,product-nwl8750,furniture.html,newel.com/product/contemporary-black-tooth-stools.html,23,14,6,complete,true,true,true,true,true,true,false,complete-local-images,keep
related items,https://newel.com/product/outdoor-country-iron-deer-statuary,056497,product-056497,sculpture.html,newel.com/product/outdoor-country-iron-deer-statuary.html,18,14,1,complete,true,true,true,true,true,true,false,complete-local-images,keep
related items,https://newel.com/product/american-carousel-style-turkish-figure,037844,product-037844,sculpture.html,newel.com/product/american-carousel-style-turkish-figure.html,17,13,4,complete,true,true,true,true,true,true,false,complete-local-images,keep
more works by Sizar Alexis,https://newel.com/product/contemporary-itooraba-natural-pine-stool,NWL8752,product-nwl8752,furniture.html,newel.com/product/contemporary-itooraba-natural-pine-stool.html,19,13,6,complete,true,true,true,true,true,true,false,complete-local-images,keep
related items,https://newel.com/product/italian-renaissance-religious-figures,041562A,product-041562a,sculpture.html,newel.com/product/italian-renaissance-religious-figures.html,18,13,5,complete,true,true,true,true,true,true,false,complete-local-images,keep
related items,https://newel.com/product/mid-century-metal-model-airplane,MP1220B,product-mp1220b,sculpture.html,newel.com/product/mid-century-metal-model-airplane.html,17,13,1,complete,true,true,true,true,true,true,false,complete-local-images,keep
related items,https://newel.com/product/seating-armchair-rustic-old-hickory-oak-052838,052838,product-052838,furniture.html,newel.com/product/seating-armchair-rustic-old-hickory-oak-052838.html,36,13,19,complete,true,true,true,true,true,true,false,complete-local-images,keep
more works by Kar,https://newel.com/product/contemporary-high-back-MDF-frame-chair,NWL8727,product-nwl8727,furniture.html,newel.com/product/contemporary-high-back-MDF-frame-chair.html,70,12,54,complete,true,true,true,true,true,true,false,complete-local-images,keep
related items,https://newel.com/product/swedish-gustavian-style-burl-birch-tIlt-top-table-064625,064625,product-064625,furniture.html,newel.com/product/swedish-gustavian-style-burl-birch-tIlt-top-table-064625.html,66,12,51,complete,true,true,true,true,true,true,false,complete-local-images,keep
related items,https://newel.com/product/french-contemporary-hand-sculpted-woodenn-stool,NWL8846,product-nwl8846,furniture.html,newel.com/product/french-contemporary-hand-sculpted-woodenn-stool.html,36,8,28,complete,true,true,true,true,true,true,false,complete-local-images,keep
more works by Curtis Jere,https://newel.com/product/curtis-jeré-abstract-raindrop-circles-wall-sculpture,REG4606,product-reg4606,sculpture.html,newel.com/product/curtis-jeré-abstract-raindrop-circles-wall-sculpture.html,16,6,6,complete,true,true,true,true,true,true,false,complete-local-images,keep
related items,https://newel.com/product/pair-of-italian-neoclassical-style-malachite-veneered-obelisks,REG4501,product-reg4501,sculpture.html,newel.com/product/pair-of-italian-neoclassical-style-malachite-veneered-obelisks.html,10,6,1,complete,true,true,true,true,true,true,false,complete-local-images,keep
related items,https://newel.com/product/american-21st-century-sculptures-daric-harvie,REG4504,product-reg4504,sculpture.html,newel.com/product/american-21st-century-sculptures-daric-harvie.html,10,5,1,complete,true,true,true,true,true,true,false,complete-local-images,keep
related items,https://newel.com/product/american-mission-cheval-mirror,040081F,product-040081f,mirrors.html,newel.com/product/american-mission-cheval-mirror.html,10,5,1,complete,true,true,true,true,true,true,false,complete-local-images,keep
related items,https://newel.com/product/american-modern-circular-églomisé-mirror-david-marshall,REG4528,product-reg4528,mirrors.html,newel.com/product/american-modern-circular-églomisé-mirror-david-marshall.html,10,5,10,complete,true,true,true,true,true,true,false,complete-local-images,keep
more works by Kar,https://newel.com/product/contemporary-oracle-ash-wood-bench,NWL8786,product-nwl8786,furniture.html,newel.com/product/contemporary-oracle-ash-wood-bench.html,15,5,5,complete,true,true,true,true,true,true,false,complete-local-images,keep
more works by DOOQ,https://newel.com/product/contemporary-portugese-malibu-sofa,NWL8738,product-nwl8738,furniture.html,newel.com/product/contemporary-portugese-malibu-sofa.html,11,5,7,complete,true,true,true,true,true,true,false,complete-local-images,keep
related items,https://newel.com/product/enrique-garcel-abelone-mosaic-mirror,REG4492,product-reg4492,mirrors.html,newel.com/product/enrique-garcel-abelone-mosaic-mirror.html,10,5,6,complete,true,true,true,true,true,true,false,complete-local-images,keep
more works by Murano,https://newel.com/product/italian-venetian-murano-etched-wall-mirror-3,062894B,product-062894b,mirrors.html,newel.com/product/italian-venetian-murano-etched-wall-mirror-3.html,16,5,1,complete,true,true,true,true,true,true,false,complete-local-images,keep
related items,https://newel.com/product/american-contemporary-custom-horse-bench,NWL9008,product-nwl9008,furniture.html,newel.com/product/american-contemporary-custom-horse-bench.html,59,2,55,complete,true,true,true,true,true,true,false,complete-local-images,keep
related items,https://newel.com/product/american-mid-century-red-fabric-upholstered-auditorium-chairs,064282,product-064282,furniture.html,newel.com/product/american-mid-century-red-fabric-upholstered-auditorium-chairs.html,78,2,73,complete,true,true,true,true,true,true,false,complete-local-images,keep
related items,https://newel.com/product/Art-Deco-Dining-Chairs-with-red-upholstered-seat-and-high-back,028250,product-028250,furniture.html,newel.com/product/Art-Deco-Dining-Chairs-with-red-upholstered-seat-and-high-back.html,78,2,78,complete,true,true,true,true,true,true,false,complete-local-images,keep
more works by Kar,https://newel.com/product/contemporary-coffee-curl-up-lounge-chair,NWL8769,product-nwl8769,furniture.html,newel.com/product/contemporary-coffee-curl-up-lounge-chair.html,53,2,47,complete,true,true,true,true,true,true,false,complete-local-images,keep
more works by Isac Elam Kaid,https://newel.com/product/contemporary-mono-block-cement-chairs,NWL8782,product-nwl8782,furniture.html,newel.com/product/contemporary-mono-block-cement-chairs.html,67,2,61,complete,true,true,true,true,true,true,false,complete-local-images,keep
more works by Kar,https://newel.com/product/contemporary-oracle-chair-with-lacquered-finish,NWL8765,product-nwl8765,furniture.html,newel.com/product/contemporary-oracle-chair-with-lacquered-finish.html,65,2,59,complete,true,true,true,true,true,true,false,complete-local-images,keep
more works by Kar,https://newel.com/product/contemporary-oracle-chair-with-matte-finish,NWL8764,product-nwl8764,furniture.html,newel.com/product/contemporary-oracle-chair-with-matte-finish.html,59,2,53,complete,true,true,true,true,true,true,false,complete-local-images,keep
related items,https://newel.com/product/country-style-native-american-figure,057102,product-057102,sculpture.html,newel.com/product/country-style-native-american-figure.html,41,2,41,complete,true,true,true,true,true,true,false,complete-local-images,keep
related items,https://newel.com/product/frank-gehry-for-knoll-hat-trick-chairs,NWL7869,product-nwl7869,furniture.html,newel.com/product/frank-gehry-for-knoll-hat-trick-chairs.html,97,2,92,complete,true,true,true,true,true,true,false,complete-local-images,keep
related items,https://newel.com/product/french-art-deco-mahogany-brass-open-back-side-chair-,063799B,product-063799b,furniture.html,newel.com/product/french-art-deco-mahogany-brass-open-back-side-chair-.html,60,2,59,complete,true,true,true,true,true,true,false,complete-local-images,keep
related items,https://newel.com/product/italian-rococo-green-cupid-figure,060272,product-060272,sculpture.html,newel.com/product/italian-rococo-green-cupid-figure.html,36,2,36,complete,true,true,true,true,true,true,false,complete-local-images,keep
related items,https://newel.com/product/italian-rococo-style-ornate-wall-mirror,NWL6147,product-nwl6147,mirrors.html,newel.com/product/italian-rococo-style-ornate-wall-mirror.html,59,2,59,complete,true,true,true,true,true,true,false,complete-local-images,keep
related items,https://newel.com/product/larrea-side-chair,REG9090A,product-reg9090a,furniture.html,newel.com/product/larrea-side-chair.html,71,2,71,complete,true,true,true,true,true,true,false,complete-local-images,keep
more works by Gio Ponti,https://newel.com/product/pair-of-mid-century-italian-modern-trianguar-orange-upholstered-benches-(manner-of-gio-ponti),REG4086,product-reg4086,furniture.html,newel.com/product/pair-of-mid-century-italian-modern-trianguar-orange-upholstered-benches-(manner-of-gio-ponti).html,120,2,116,complete,true,true,true,true,true,true,false,complete-local-images,keep
related items,https://newel.com/product/seating-loveseat-settee-sofa-italian-grotto-silver-gilt-028214,028214,product-028214,furniture.html,newel.com/product/seating-loveseat-settee-sofa-italian-grotto-silver-gilt-028214.html,65,2,62,complete,true,true,true,true,true,true,false,complete-local-images,keep
"more works by Knoll,Warren Platner",https://newel.com/product/set-of-3-warren-platner-for-knoll-international-mid-century-steel-and-red-upholstery-lounge-chairs,DUF0598A,product-duf0598a,furniture.html,newel.com/product/set-of-3-warren-platner-for-knoll-international-mid-century-steel-and-red-upholstery-lounge-chairs.html,72,2,62,complete,true,true,true,true,true,true,false,complete-local-images,keep
related items,https://newel.com/product/Set-of-30-American-Modern-(c.1980's)-Pink-Metal-and-Vinyl-Indoor-Outdoor-Restaurant-Chairs,NWL7631,product-nwl7631,furniture.html,newel.com/product/Set-of-30-American-Modern-(c.1980's)-Pink-Metal-and-Vinyl-Indoor-Outdoor-Restaurant-Chairs.html,108,2,103,complete,true,true,true,true,true,true,false,complete-local-images,keep
Customizable French 1940s Style Mahogany Veneer Coffee Table (manner of Maxime Old),https://newel.com/product/table-coffee-table-mid-century-french-palisander-mto60399b,MTO60399B,product-mto60399b,furniture.html,newel.com/product/table-coffee-table-mid-century-french-palisander-mto60399b.html,11,2,10,complete,true,true,true,true,true,true,false,complete-local-images,keep
related items,https://newel.com/product/-pair-of-french-empire-style-wooden-armchairs-with-owl-head,NWL2746,product-nwl2746,furniture.html,newel.com/product/-pair-of-french-empire-style-wooden-armchairs-with-owl-head.html,90,1,90,complete,true,true,true,true,true,true,false,complete-local-images,keep
more works by AB Glas & TrÃ¤,https://newel.com/product/ab-glas-and-trä-swedish-mid-century-tall-teak-framed-entry-mirror,DUA0034,product-dua0034,mirrors.html,newel.com/product/ab-glas-and-trä-swedish-mid-century-tall-teak-framed-entry-mirror.html,55,1,55,complete,true,true,true,true,true,true,false,complete-local-images,keep
related items,https://newel.com/product/african-congo-early-20th-century-male-figure-wrapped-in-raffia-burlap-,NWL8576,product-nwl8576,sculpture.html,newel.com/product/african-congo-early-20th-century-male-figure-wrapped-in-raffia-burlap-.html,83,1,83,complete,true,true,true,true,true,true,false,complete-local-images,keep
related items,https://newel.com/product/african-d-r-congo-reliquary-basket-with-four-figures,NWL8578,product-nwl8578,sculpture.html,newel.com/product/african-d-r-congo-reliquary-basket-with-four-figures.html,77,1,77,complete,true,true,true,true,true,true,false,complete-local-images,keep
related items,https://newel.com/product/african-gabon-mid-20th-century-carved-wooden-ambete-male-figure,NWL8575,product-nwl8575,sculpture.html,newel.com/product/african-gabon-mid-20th-century-carved-wooden-ambete-male-figure.html,83,1,83,complete,true,true,true,true,true,true,false,complete-local-images,keep
related items,https://newel.com/product/african-ivory-coast-wooden-figure-with-bowl,NWL8574,product-nwl8574,sculpture.html,newel.com/product/african-ivory-coast-wooden-figure-with-bowl.html,77,1,77,complete,true,true,true,true,true,true,false,complete-local-images,keep
related items,https://newel.com/product/african-mali-late-20th-century-carved-wooden-bamana-maternity-figure-with-baby-,NWL8577,product-nwl8577,sculpture.html,newel.com/product/african-mali-late-20th-century-carved-wooden-bamana-maternity-figure-with-baby-.html,71,1,71,complete,true,true,true,true,true,true,false,complete-local-images,keep
related items,https://newel.com/product/african-nigeria-20th-century-carved-painted-wood-igbo-female-village-guardian-figure,NWL6927,product-nwl6927,sculpture.html,newel.com/product/african-nigeria-20th-century-carved-painted-wood-igbo-female-village-guardian-figure.html,72,1,72,complete,true,true,true,true,true,true,false,complete-local-images,keep
related items,https://newel.com/product/african-wooden-fertility-god-figure,JDB073,product-jdb073,sculpture.html,newel.com/product/african-wooden-fertility-god-figure.html,72,1,72,complete,true,true,true,true,true,true,false,complete-local-images,keep
related items,https://newel.com/product/american-contemporary-chrome-wall-mirror,REG9075,product-reg9075,mirrors.html,newel.com/product/american-contemporary-chrome-wall-mirror.html,36,1,36,complete,true,true,true,true,true,true,false,complete-local-images,keep
related items,https://newel.com/product/american-country-style-antique-door-coffee-table,NWL9060,product-nwl9060,furniture.html,newel.com/product/american-country-style-antique-door-coffee-table.html,78,1,77,complete,true,true,true,true,true,true,false,complete-local-images,keep
related items,https://newel.com/product/american-federal-gilt-eagle-figure,030601,product-030601,sculpture.html,newel.com/product/american-federal-gilt-eagle-figure.html,54,1,54,complete,true,true,true,true,true,true,false,complete-local-images,keep
related items,https://newel.com/product/american-federal-style-small-hand-painted-floral-mirror,NWL8883,product-nwl8883,mirrors.html,newel.com/product/american-federal-style-small-hand-painted-floral-mirror.html,35,1,35,complete,true,true,true,true,true,true,false,complete-local-images,keep
more works by Friedman Brothers,https://newel.com/product/american-federal-style-tri-panel-gold-leaf-mirror,063976,product-063976,mirrors.html,newel.com/product/american-federal-style-tri-panel-gold-leaf-mirror.html,10,1,10,complete,true,true,true,true,true,true,false,complete-local-images,keep
related items,https://newel.com/product/american-mid-century-gilt-wall-mirror-with-geometric-Frame-,NWL6131,product-nwl6131,mirrors.html,newel.com/product/american-mid-century-gilt-wall-mirror-with-geometric-Frame-.html,42,1,42,complete,true,true,true,true,true,true,false,complete-local-images,keep
related items,https://newel.com/product/american-mid-century-modern-brutalist-end-table-with-rotating-top,NWL7930,product-nwl7930,furniture.html,newel.com/product/american-mid-century-modern-brutalist-end-table-with-rotating-top.html,78,1,73,complete,true,true,true,true,true,true,false,complete-local-images,keep
related items,https://newel.com/product/american-mid-century-octagon-shaped-wall-mirror-,063917,product-063917,mirrors.html,newel.com/product/american-mid-century-octagon-shaped-wall-mirror-.html,48,1,48,complete,true,true,true,true,true,true,false,complete-local-images,keep
related items,https://newel.com/product/american-papier-mache-camel-figure,059706,product-059706,sculpture.html,newel.com/product/american-papier-mache-camel-figure.html,18,1,17,complete,true,true,true,true,true,true,false,complete-local-images,keep
related items,https://newel.com/product/american-victorian-red-upholstered-side-chairs,064289,product-064289,furniture.html,newel.com/product/american-victorian-red-upholstered-side-chairs.html,78,1,78,complete,true,true,true,true,true,true,false,complete-local-images,keep
related items,https://newel.com/product/asian-hand-carved-mirrored-console-table,028198,product-028198,furniture.html,newel.com/product/asian-hand-carved-mirrored-console-table.html,66,1,66,complete,true,true,true,true,true,true,false,complete-local-images,keep
related items,https://newel.com/product/asian-mid-century-ming-style-rosewood-arrmchair,064316,product-064316,furniture.html,newel.com/product/asian-mid-century-ming-style-rosewood-arrmchair.html,65,1,65,complete,true,true,true,true,true,true,false,complete-local-images,keep
related items,https://newel.com/product/asian-rosewood-pearl-inlaid-rrectangular-center-table,028245,product-028245,furniture.html,newel.com/product/asian-rosewood-pearl-inlaid-rrectangular-center-table.html,60,1,60,complete,true,true,true,true,true,true,false,complete-local-images,keep
related items,https://newel.com/product/belgian-contemporary-cross-stool-burned-oak,NWL9029,product-nwl9029,furniture.html,newel.com/product/belgian-contemporary-cross-stool-burned-oak.html,18,1,12,complete,true,true,true,true,true,true,false,complete-local-images,keep
related items,https://newel.com/product/biedermeier continental wall mirror1,REG5120A,product-reg5120a,mirrors.html,newel.com/product/biedermeier continental wall mirror1.html,25,1,25,complete,true,true,true,true,true,true,false,complete-local-images,keep
related items,https://newel.com/product/chinese-carved-root-deity-figure,JDB023,product-jdb023,sculpture.html,newel.com/product/chinese-carved-root-deity-figure.html,36,1,36,complete,true,true,true,true,true,true,false,complete-local-images,keep
related items,https://newel.com/product/chinese-chippendale-side-chairs,NWL8887,product-nwl8887,furniture.html,newel.com/product/chinese-chippendale-side-chairs.html,10,1,8,complete,true,true,true,true,true,true,false,complete-local-images,keep
related items,https://newel.com/product/chinese-decorated-terra-cotta-figures,AGO049,product-ago049,sculpture.html,newel.com/product/chinese-decorated-terra-cotta-figures.html,36,1,36,complete,true,true,true,true,true,true,false,complete-local-images,keep
related items,https://newel.com/product/chinese-round-yellow-cashpot,028252,product-028252,decor,newel.com/product/chinese-round-yellow-cashpot.html,36,1,35,complete,true,true,true,true,true,true,false,complete-local-images,keep
related items,https://newel.com/product/chinese-square-celadon-jardiniere,028251,product-028251,decor,newel.com/product/chinese-square-celadon-jardiniere.html,42,1,41,complete,true,true,true,true,true,true,false,complete-local-images,keep
related items,https://newel.com/product/chippendale-bamboo-and-glass-dining-table,NWL8888,product-nwl8888,furniture.html,newel.com/product/chippendale-bamboo-and-glass-dining-table.html,54,1,53,complete,true,true,true,true,true,true,false,complete-local-images,keep
related items,https://newel.com/product/contemporary-blue-glass-vase,NWL9067,product-nwl9067,decor,newel.com/product/contemporary-blue-glass-vase.html,72,1,71,complete,true,true,true,true,true,true,false,complete-local-images,keep
related items,https://newel.com/product/contemporary-brass-and-onyx-wall-mirror,NWL8847,product-nwl8847,mirrors.html,newel.com/product/contemporary-brass-and-onyx-wall-mirror.html,30,1,28,complete,true,true,true,true,true,true,false,complete-local-images,keep
related items,https://newel.com/product/contemporary-ceramic-teapot-and-teabag-dish-set-with-union-jack-design,NWL9076,product-nwl9076,funiture,newel.com/product/contemporary-ceramic-teapot-and-teabag-dish-set-with-union-jack-design.html,72,1,71,complete,true,true,true,true,true,true,false,complete-local-images,keep
related items,https://newel.com/product/contemporary-dark-wood-and-brushed-silver-metal-x-leg-dining-table-1,064610,product-064610,furniture.html,newel.com/product/contemporary-dark-wood-and-brushed-silver-metal-x-leg-dining-table-1.html,36,1,35,complete,true,true,true,true,true,true,false,complete-local-images,keep
related items,https://newel.com/product/contemporary-egg-mirror,NWL8735,product-nwl8735,mirrors.html,newel.com/product/contemporary-egg-mirror.html,10,1,8,complete,true,true,true,true,true,true,false,complete-local-images,keep
related items,https://newel.com/product/contemporary-japanese-style-black-coffee-table,NWL9080,product-nwl9080,furniture.html,newel.com/product/contemporary-japanese-style-black-coffee-table.html,60,1,59,complete,true,true,true,true,true,true,false,complete-local-images,keep
related items,https://newel.com/product/contemporary-marble-top-cafe-table,NWL9078,product-nwl9078,furniture.html,newel.com/product/contemporary-marble-top-cafe-table.html,54,1,53,complete,true,true,true,true,true,true,false,complete-local-images,keep
more works by Mark Sturkenboom,https://newel.com/product/contemporary-once-upon-a-time-hypnos-wall-mirror,NWL8841,product-nwl8841,mirrors.html,newel.com/product/contemporary-once-upon-a-time-hypnos-wall-mirror.html,12,1,9,complete,true,true,true,true,true,true,false,complete-local-images,keep
more works by Kar,https://newel.com/product/contemporary-white-curl-up-lounge-chair,NWL8770,product-nwl8770,furniture.html,newel.com/product/contemporary-white-curl-up-lounge-chair.html,35,1,28,complete,true,true,true,true,true,true,false,complete-local-images,keep
related items,https://newel.com/product/country-style-wooden-girl-figure,042326,product-042326,sculpture.html,newel.com/product/country-style-wooden-girl-figure.html,102,1,102,complete,true,true,true,true,true,true,false,complete-local-images,keep
related items,https://newel.com/product/e-guillemin-bronze-gladiator-figures,MEN017,product-men017,sculpture.html,newel.com/product/e-guillemin-bronze-gladiator-figures.html,35,1,32,complete,true,true,true,true,true,true,false,complete-local-images,keep
related items,https://newel.com/product/english-art-nouveau-wall-shelf,028213,product-028213,mirrors.html,newel.com/product/english-art-nouveau-wall-shelf.html,48,1,47,complete,true,true,true,true,true,true,false,complete-local-images,keep
related items,https://newel.com/product/english-country-pine-rooster-figure,053838,product-053838,sculpture.html,newel.com/product/english-country-pine-rooster-figure.html,10,1,9,complete,true,true,true,true,true,true,false,complete-local-images,keep
related items,https://newel.com/product/english-george-i-carved-giltwood-framed-pier-mirror-063930,063930,product-063930,mirrors.html,newel.com/product/english-george-i-carved-giltwood-framed-pier-mirror-063930.html,90,1,90,complete,true,true,true,true,true,true,false,complete-local-images,keep
related items,https://newel.com/product/english-queen-anne-style-chinoiserie-red-wall-mirror,NWL8880,product-nwl8880,mirrors.html,newel.com/product/english-queen-anne-style-chinoiserie-red-wall-mirror.html,60,1,60,complete,true,true,true,true,true,true,false,complete-local-images,keep
related items,https://newel.com/product/english-secretary-walnut-burl,NWL8651,product-nwl8651,furniture.html,newel.com/product/english-secretary-walnut-burl.html,36,1,36,complete,true,true,true,true,true,true,false,complete-local-images,keep
more works by Paul Kiss,https://newel.com/product/french-art-deco-floral-and-scroll-design-skirted-wrought-iron-wall-mirror,REG5527,product-reg5527,mirrors.html,newel.com/product/french-art-deco-floral-and-scroll-design-skirted-wrought-iron-wall-mirror.html,36,1,35,complete,true,true,true,true,true,true,false,complete-local-images,keep
related items,https://newel.com/product/french-contemporarry-pierre-sofa,NWL8845,product-nwl8845,furniture.html,newel.com/product/french-contemporarry-pierre-sofa.html,10,1,10,complete,true,true,true,true,true,true,false,complete-local-images,keep
more works by Henryot & Cie 1867,https://newel.com/product/french-contemporary-upholstered-and-molded-form-modular-chairs,NWL7837,product-nwl7837,furniture.html,newel.com/product/french-contemporary-upholstered-and-molded-form-modular-chairs.html,25,1,21,complete,true,true,true,true,true,true,false,complete-local-images,keep
related items,https://newel.com/product/french-contemporary-walnut-boucle-daybed,NWL9030,product-nwl9030,furniture.html,newel.com/product/french-contemporary-walnut-boucle-daybed.html,18,1,18,complete,true,true,true,true,true,true,false,complete-local-images,keep
related items,https://newel.com/product/french-empire-style-contemporary-armchair,NWL8613,product-nwl8613,furniture.html,newel.com/product/french-empire-style-contemporary-armchair.html,66,1,63,complete,true,true,true,true,true,true,false,complete-local-images,keep
related items,https://newel.com/product/french-folk-oak-eagle-figure,GRS231,product-grs231,sculpture.html,newel.com/product/french-folk-oak-eagle-figure.html,53,1,51,complete,true,true,true,true,true,true,false,complete-local-images,keep
related items,https://newel.com/product/French-GustavianStyle-armchair,NAC5186,product-nac5186,furniture.html,newel.com/product/French-GustavianStyle-armchair.html,60,1,56,complete,true,true,true,true,true,true,false,complete-local-images,keep
related items,https://newel.com/product/french-louis-xv-cupid-figure-1,017291A,product-017291a,sculpture.html,newel.com/product/french-louis-xv-cupid-figure-1.html,36,1,36,complete,true,true,true,true,true,true,false,complete-local-images,keep
related items,https://newel.com/product/french-louis-xv-style-porters-chairs,064028,product-064028,furniture.html,newel.com/product/french-louis-xv-style-porters-chairs.html,90,1,89,complete,true,true,true,true,true,true,false,complete-local-images,keep
related items,https://newel.com/product/french-louis-xvi-style-red-upholstered-high-back-armchairs,064281,product-064281,furniture.html,newel.com/product/french-louis-xvi-style-red-upholstered-high-back-armchairs.html,60,1,56,complete,true,true,true,true,true,true,false,complete-local-images,keep
more works by Rene Drouet,https://newel.com/product/french-rectangular-mirrored-end-table-1,057935A,product-057935a,furniture.html,newel.com/product/french-rectangular-mirrored-end-table-1.html,63,1,62,complete,true,true,true,true,true,true,false,complete-local-images,keep
related items,https://newel.com/product/hand-painted-tri-fold-peacock-screen,058786,product-058786,accessories,newel.com/product/hand-painted-tri-fold-peacock-screen.html,60,1,60,complete,true,true,true,true,true,true,false,complete-local-images,keep
more works by Harvey Probber,https://newel.com/product/Harvey-Probber-American-Mid-Century-Peacock-Blue-Gondola-Mahogany-Pull-Up-Side-Chair-a,DUF0423A,product-duf0423a,furniture.html,newel.com/product/Harvey-Probber-American-Mid-Century-Peacock-Blue-Gondola-Mahogany-Pull-Up-Side-Chair-a.html,16,1,14,complete,true,true,true,true,true,true,false,complete-local-images,keep
related items,https://newel.com/product/italian-mid-century-floral-ornate-mirror,REG9129,product-reg9129,mirrors.html,newel.com/product/italian-mid-century-floral-ornate-mirror.html,42,1,42,complete,true,true,true,true,true,true,false,complete-local-images,keep
related items,https://newel.com/product/italian-mid-century-murano-ceiling-mount-light,NWL8889,product-nwl8889,lighting.html,newel.com/product/italian-mid-century-murano-ceiling-mount-light.html,54,1,54,complete,true,true,true,true,true,true,false,complete-local-images,keep
related items,https://newel.com/product/italian-renaissance-oak-pedestal-figures,020801C,product-020801c,sculpture.html,newel.com/product/italian-renaissance-oak-pedestal-figures.html,72,1,72,complete,true,true,true,true,true,true,false,complete-local-images,keep
related items,https://newel.com/product/italian-rococo-fruitwood-putti-figures,009031,product-009031,sculpture.html,newel.com/product/italian-rococo-fruitwood-putti-figures.html,162,1,161,complete,true,true,true,true,true,true,false,complete-local-images,keep
related items,https://newel.com/product/italian-rococo-servant-figure,SIL078,product-sil078,sculpture.html,newel.com/product/italian-rococo-servant-figure.html,36,1,35,complete,true,true,true,true,true,true,false,complete-local-images,keep
related items,https://newel.com/product/italian-venetian-majolica-harlequin-figures,TUR012,product-tur012,sculpture.html,newel.com/product/italian-venetian-majolica-harlequin-figures.html,84,1,82,complete,true,true,true,true,true,true,false,complete-local-images,keep
more works by Murano,https://newel.com/product/italian-venetian-murano-gold-dusted-glass-chandelier-3,064611,product-064611,lighting.html,newel.com/product/italian-venetian-murano-gold-dusted-glass-chandelier-3.html,42,1,35,complete,true,true,true,true,true,true,false,complete-local-images,keep
related items,https://newel.com/product/italian-venetian-polychromed-figures-11,REG3635,product-reg3635,sculpture.html,newel.com/product/italian-venetian-polychromed-figures-11.html,36,1,34,complete,true,true,true,true,true,true,false,complete-local-images,keep
related items,https://newel.com/product/japanese-bronze-elephant-pagoda-figures,051125,product-051125,sculpture.html,newel.com/product/japanese-bronze-elephant-pagoda-figures.html,48,1,48,complete,true,true,true,true,true,true,false,complete-local-images,keep
related items,https://newel.com/product/javanese-carved-teak-figures,030152B,product-030152b,sculpture.html,newel.com/product/javanese-carved-teak-figures.html,30,1,30,complete,true,true,true,true,true,true,false,complete-local-images,keep
related items,https://newel.com/product/judaica-silver-plated-ceremonial-kiddush-cup,NWL7418,product-nwl7418,funiture,newel.com/product/judaica-silver-plated-ceremonial-kiddush-cup.html,48,1,48,complete,true,true,true,true,true,true,false,complete-local-images,keep
more works by Karl Springer,https://newel.com/product/karl-springer-style-armchair-goatskin-parchment-and-shagreen,NWL6048,product-nwl6048,furniture.html,newel.com/product/karl-springer-style-armchair-goatskin-parchment-and-shagreen.html,65,1,62,complete,true,true,true,true,true,true,false,complete-local-images,keep
related items,https://newel.com/product/Katavolos-Littell-Kelley-for-Laverne-Mid-Century-Chrome-and-Leather-Sling-Lounge-Chairs,DUF0447A,product-duf0447a,furniture.html,newel.com/product/Katavolos-Littell-Kelley-for-Laverne-Mid-Century-Chrome-and-Leather-Sling-Lounge-Chairs.html,60,1,58,complete,true,true,true,true,true,true,false,complete-local-images,keep
Customizable Modern Blue Lacquer Greek Key Design Wall Mirror,https://newel.com/product/made-to-order-blue-lacquer-greek-key-design-wall-mirror,MTO011,product-mto011,mirrors.html,newel.com/product/made-to-order-blue-lacquer-greek-key-design-wall-mirror.html,31,1,31,complete,true,true,true,true,true,true,false,complete-local-images,keep
French 1940s style Modern Mahogany Veneered Console Table,https://newel.com/product/made-to-order-French-1940s-Style-Modern-Veneered-Console-Table,MTO60396,product-mto60396,furniture.html,newel.com/product/made-to-order-French-1940s-Style-Modern-Veneered-Console-Table.html,63,1,62,complete,true,true,true,true,true,true,false,complete-local-images,keep
Customizable French Mid-Century Sycamore Console Table,https://newel.com/product/made-to-order-french-mid-century-sycamore-console-table1,MTO62261A,product-mto62261a,furniture.html,newel.com/product/made-to-order-french-mid-century-sycamore-console-table1.html,62,1,62,complete,true,true,true,true,true,true,false,complete-local-images,keep
related items,https://newel.com/product/mason-chamberlain-attributed-oil-on-canvas-064637,064637,product-064637,art.html,newel.com/product/mason-chamberlain-attributed-oil-on-canvas-064637.html,72,1,71,complete,true,true,true,true,true,true,false,complete-local-images,keep
related items,https://newel.com/product/michel-decoux-bronze-gladiator-figure-1,060457,product-060457,sculpture.html,newel.com/product/michel-decoux-bronze-gladiator-figure-1.html,30,1,30,complete,true,true,true,true,true,true,false,complete-local-images,keep
related items,https://newel.com/product/middle-easter-style-stool-with-tapestry-seat,028167,product-028167,furniture.html,newel.com/product/middle-easter-style-stool-with-tapestry-seat.html,36,1,36,complete,true,true,true,true,true,true,false,complete-local-images,keep
related items,https://newel.com/product/misc001-1,MISC001AAP,product-misc001aap,furniture.html,newel.com/product/misc001-1.html,10,1,8,complete,true,true,true,true,true,true,false,complete-local-images,keep
more works by Maison Bagues,https://newel.com/product/NAC1093,NAC1093,product-nac1093,lighting.html,newel.com/product/NAC1093.html,71,1,65,complete,true,true,true,true,true,true,false,complete-local-images,keep
related items,https://newel.com/product/NAC1146,NAC1146,product-nac1146,furniture.html,newel.com/product/NAC1146.html,72,1,69,complete,true,true,true,true,true,true,false,complete-local-images,keep
related items,https://newel.com/product/NAC1447,NAC1447,product-nac1447,furniture.html,newel.com/product/NAC1447.html,54,1,54,complete,true,true,true,true,true,true,false,complete-local-images,keep
related items,https://newel.com/product/norbert-brunner-i-think-therefore-you-are-2025,DUF0385A,product-duf0385a,furniture.html,newel.com/product/norbert-brunner-i-think-therefore-you-are-2025.html,120,1,120,complete,true,true,true,true,true,true,false,complete-local-images,keep
related items,https://newel.com/product/outdoor-iron-folding-chairs-1B,010298B,product-010298b,furniture.html,newel.com/product/outdoor-iron-folding-chairs-1B.html,66,1,66,complete,true,true,true,true,true,true,false,complete-local-images,keep
related items,https://newel.com/product/pair-of--mid-century-zebra-print-large-curled-arm-chairs-,NWL2745,product-nwl2745,furniture.html,newel.com/product/pair-of--mid-century-zebra-print-large-curled-arm-chairs-.html,84,1,84,complete,true,true,true,true,true,true,false,complete-local-images,keep
related items,https://newel.com/product/pair-of-american-mid-century-black-and-red-imitation-tortoise-shell-Mirror-,NWL2753,product-nwl2753,mirrors.html,newel.com/product/pair-of-american-mid-century-black-and-red-imitation-tortoise-shell-Mirror-.html,54,1,54,complete,true,true,true,true,true,true,false,complete-local-images,keep
more works by Edmond Spence,https://newel.com/product/pair-of-edmond-spence-american-mid-century-diamond-walnut-framed-mirrors,DUA0026,product-dua0026,mirrors.html,newel.com/product/pair-of-edmond-spence-american-mid-century-diamond-walnut-framed-mirrors.html,60,1,60,complete,true,true,true,true,true,true,false,complete-local-images,keep
related items,https://newel.com/product/pair-of-english-georgian-carved-armchairs-with-geometric-design-fabric-,NWL2747,product-nwl2747,furniture.html,newel.com/product/pair-of-english-georgian-carved-armchairs-with-geometric-design-fabric-.html,72,1,72,complete,true,true,true,true,true,true,false,complete-local-images,keep
related items,https://newel.com/product/pair-of-english-queen-anne-floral-upholstered-armchairs-,063967,product-063967,furniture.html,newel.com/product/pair-of-english-queen-anne-floral-upholstered-armchairs-.html,72,1,72,complete,true,true,true,true,true,true,false,complete-local-images,keep
more works by J Robert Scott,https://newel.com/product/pair-of-english-regency-chinoiserie-black-armchairs,NWL6043,product-nwl6043,furniture.html,newel.com/product/pair-of-english-regency-chinoiserie-black-armchairs.html,81,1,80,complete,true,true,true,true,true,true,false,complete-local-images,keep
related items,https://newel.com/product/pair-of-english-victorian-grey-upholstered-armchairs-,063968,product-063968,furniture.html,newel.com/product/pair-of-english-victorian-grey-upholstered-armchairs-.html,84,1,84,complete,true,true,true,true,true,true,false,complete-local-images,keep
related items,https://newel.com/product/pair-of-french-louis-xvi-floral-upholstered-bergere-armchairs-,NWL2749,product-nwl2749,furniture.html,newel.com/product/pair-of-french-louis-xvi-floral-upholstered-bergere-armchairs-.html,78,1,78,complete,true,true,true,true,true,true,false,complete-local-images,keep
related items,https://newel.com/product/pair-of-roger-lecal-for-chabrieres-&-co-french-mid-century-vanity-mirrors,DUF0961,product-duf0961,mirrors.html,newel.com/product/pair-of-roger-lecal-for-chabrieres-&-co-french-mid-century-vanity-mirrors.html,54,1,54,complete,true,true,true,true,true,true,false,complete-local-images,keep
related items,https://newel.com/product/pair-russian-karelian-birch-arm-chairs,064206,product-064206,furniture.html,newel.com/product/pair-russian-karelian-birch-arm-chairs.html,78,1,77,complete,true,true,true,true,true,true,false,complete-local-images,keep
related items,https://newel.com/product/REG5154,REG5154,product-reg5154,mirrors.html,newel.com/product/REG5154.html,54,1,53,complete,true,true,true,true,true,true,false,complete-local-images,keep
related items,https://newel.com/product/REG5196,REG5196,product-reg5196,mirrors.html,newel.com/product/REG5196.html,42,1,40,complete,true,true,true,true,true,true,false,complete-local-images,keep
related items,https://newel.com/product/REG5573,REG5573,product-reg5573,mirrors.html,newel.com/product/REG5573.html,36,1,36,complete,true,true,true,true,true,true,false,complete-local-images,keep
related items,https://newel.com/product/russian-mahogany-foliate-arm-chair-c,057316C,product-057316c,furniture.html,newel.com/product/russian-mahogany-foliate-arm-chair-c.html,60,1,59,complete,true,true,true,true,true,true,false,complete-local-images,keep
related items,https://newel.com/product/rustic-longhorn-and-kilim-upholstered-chair,064314,product-064314,furniture.html,newel.com/product/rustic-longhorn-and-kilim-upholstered-chair.html,72,1,72,complete,true,true,true,true,true,true,false,complete-local-images,keep
related items,https://newel.com/product/rustic-small-mirror-with-faux-twig-carving,051220,product-051220,mirrors.html,newel.com/product/rustic-small-mirror-with-faux-twig-carving.html,24,1,24,complete,true,true,true,true,true,true,false,complete-local-images,keep
more works by Sarreid,https://newel.com/product/sarreid-mid-century-american-studded-square-brass-frame-mirror,DUA0025,product-dua0025,mirrors.html,newel.com/product/sarreid-mid-century-american-studded-square-brass-frame-mirror.html,40,1,40,complete,true,true,true,true,true,true,false,complete-local-images,keep
related items,https://newel.com/product/seating-armchair-wicker-european-painted-051559b,051559B,product-051559b,furniture.html,newel.com/product/seating-armchair-wicker-european-painted-051559b.html,66,1,65,complete,true,true,true,true,true,true,false,complete-local-images,keep
related items,https://newel.com/product/set-of-16-english-adams-open-back-side-chairs-with-upholstered-cushion-,063966,product-063966,furniture.html,newel.com/product/set-of-16-english-adams-open-back-side-chairs-with-upholstered-cushion-.html,72,1,72,complete,true,true,true,true,true,true,false,complete-local-images,keep
related items,https://newel.com/product/set-of-18-American-mid-century-red-vinyl-tufted-side-chairs-,NWL7232,product-nwl7232,furniture.html,newel.com/product/set-of-18-American-mid-century-red-vinyl-tufted-side-chairs-.html,72,1,69,complete,true,true,true,true,true,true,false,complete-local-images,keep
related items,https://newel.com/product/set-of-3-american-country-windsor-black-armchairs-,063969,product-063969,furniture.html,newel.com/product/set-of-3-american-country-windsor-black-armchairs-.html,72,1,71,complete,true,true,true,true,true,true,false,complete-local-images,keep
related items,https://newel.com/product/set-of-30-italian-mid-century-red-vinyl-dining-side-chairs,NWL7230,product-nwl7230,furniture.html,newel.com/product/set-of-30-italian-mid-century-red-vinyl-dining-side-chairs.html,72,1,72,complete,true,true,true,true,true,true,false,complete-local-images,keep
related items,https://newel.com/product/set-of-4-american-mid-century-curled-armchairs-,063971,product-063971,furniture.html,newel.com/product/set-of-4-american-mid-century-curled-armchairs-.html,78,1,78,complete,true,true,true,true,true,true,false,complete-local-images,keep
related items,https://newel.com/product/set-of-4-english-queen-anne-style-side-chairs-,NWL6103,product-nwl6103,furniture.html,newel.com/product/set-of-4-english-queen-anne-style-side-chairs-.html,65,1,64,complete,true,true,true,true,true,true,false,complete-local-images,keep
more works by Osvaldo Borsani,https://newel.com/product/set-of-eight-osvaldo-borsani-italian-modern-mahogany-and-brass-dining-chairs,REG5534,product-reg5534,furniture.html,newel.com/product/set-of-eight-osvaldo-borsani-italian-modern-mahogany-and-brass-dining-chairs.html,66,1,66,complete,true,true,true,true,true,true,false,complete-local-images,keep
related items,https://newel.com/product/siamese-pilaster-temple-figures,036612,product-036612,sculpture.html,newel.com/product/siamese-pilaster-temple-figures.html,36,1,34,complete,true,true,true,true,true,true,false,complete-local-images,keep
more works by Stig Lindberg,https://newel.com/product/stig-lindberg-of-gustavsberg-scandinavian-mid-century-floral-ribbon-faience-mirror,DUA0031,product-dua0031,mirrors.html,newel.com/product/stig-lindberg-of-gustavsberg-scandinavian-mid-century-floral-ribbon-faience-mirror.html,37,1,37,complete,true,true,true,true,true,true,false,complete-local-images,keep
related items,https://newel.com/product/swedish-neoclassical-ebonized-benches-with-side-arms,NWL7924,product-nwl7924,furniture.html,newel.com/product/swedish-neoclassical-ebonized-benches-with-side-arms.html,66,1,66,complete,true,true,true,true,true,true,false,complete-local-images,keep
related items,https://newel.com/product/thai-gilt-and-jeweled-figures-1,012668B,product-012668b,sculpture.html,newel.com/product/thai-gilt-and-jeweled-figures-1.html,36,1,35,complete,true,true,true,true,true,true,false,complete-local-images,keep
more works by Tristan Govignon,https://newel.com/product/tristan-govignon-celestial-offerings-old-man-in-the-moon-mount1,GOV011F,product-gov011f,art.html,newel.com/product/tristan-govignon-celestial-offerings-old-man-in-the-moon-mount1.html,15,1,15,complete,true,true,true,true,true,true,false,complete-local-images,keep
more works by Tristan Govignon,https://newel.com/product/tristan-govignon-celestial-offerings-triple-sunburst-mount1,GOV011E,product-gov011e,art.html,newel.com/product/tristan-govignon-celestial-offerings-triple-sunburst-mount1.html,15,1,15,complete,true,true,true,true,true,true,false,complete-local-images,keep
related items,https://newel.com/product/victorian-bronze-dore-peacock-figure,042378,product-042378,sculpture.html,newel.com/product/victorian-bronze-dore-peacock-figure.html,77,1,75,complete,true,true,true,true,true,true,false,complete-local-images,keep
related items,https://newel.com/product/victorian-pine-draped-female-figures,035068B,product-035068b,sculpture.html,newel.com/product/victorian-pine-draped-female-figures.html,53,1,51,complete,true,true,true,true,true,true,false,complete-local-images,keep