source_path,source_product_identifier,sku,current_product_id,in_current_keep_set,image_reference_count,valid_image_count,image_complete,exclusion_reason
newel.com/product/-pair-of-french-empire-style-wooden-armchairs-with-owl-head.html,Pair of Continental Rustic Style Wooden Armchairs with Carved Owl Head Armrests,NWL2746,product-nwl2746,yes,90,0,yes,
newel.com/product/032030.html,Art Deco bronze figure of a man wearing a loin cloth running,032030,product-032030,yes,66,64,yes,
newel.com/product/064026.html,Contemporary Makonde Style Hand Carved Wooden Sculpture on a Base,064026,product-064026,yes,90,88,yes,
newel.com/product/19th-century-indonesian-painted-wood-mile-marker-carving.html,19th Century Indonesian Painted Wood Mile Marker Carving,NWL6761,product-nwl6761,yes,66,66,yes,
newel.com/product/ab-glas-and-trä-swedish-mid-century-tall-teak-framed-entry-mirror.html,AB Glas and Trä Swedish Mid-Century Tall Teak Framed Entry Mirror,DUA0034,product-dua0034,yes,55,0,yes,
newel.com/product/african-congo-early-20th-century-male-figure-wrapped-in-raffia-burlap-.html,African Congo Early 20th Century Male Figure Wrapped in Raffia Burlap,NWL8576,product-nwl8576,yes,83,0,yes,
newel.com/product/african-d-r-congo-reliquary-basket-with-four-figures.html,African D.R. Congo Reliquary Basket With Four Figures,NWL8578,product-nwl8578,yes,77,0,yes,
newel.com/product/african-gabon-mid-20th-century-carved-wooden-ambete-male-figure.html,African Gabon Mid 20th Century Carved Wooden Ambete Male Figure,NWL8575,product-nwl8575,yes,83,0,yes,
newel.com/product/african-ivory-coast-early-21st-century-carved-wooden-kafigueledio-senoufo-fetish-figure-.html,African Ivory Coast Early 21st Century Carved Wooden Kafigueledio Senoufo Fetish Figure,NWL8583,product-nwl8583,yes,71,42,yes,
newel.com/product/african-ivory-coast-wooden-figure-with-bowl.html,African Ivory Coast Wooden Figure of Male with Bowl,NWL8574,product-nwl8574,yes,77,0,yes,
newel.com/product/african-mali-late-20th-century-carved-wooden-bamana-maternity-figure-with-baby-.html,African Mali Late 20th Century Carved Wooden Bamana Maternity Figure with Baby,NWL8577,product-nwl8577,yes,71,0,yes,
newel.com/product/african-nigeria-20th-century-carved-painted-wood-igbo-female-village-guardian-figure.html,African Nigeria 20th Century Carved & Painted Wood Igbo Female Village Guardian Figure,NWL6927,product-nwl6927,yes,72,0,yes,
newel.com/product/african-tikar-bronze-stool-cameroon.html,African Tikar Bronze Stool,NWL7974,product-nwl7974,yes,52,52,yes,
newel.com/product/african-wooden-fertility-god-figure.html,African Wooden Fertility God Figure,JDB073,product-jdb073,yes,72,0,yes,
newel.com/product/american-21st-century-sculptures-daric-harvie.html,"American 21st Century Sculptures, Daric Harvie",REG4504,product-reg4504,yes,10,10,yes,
newel.com/product/american-carousel-style-turkish-figure.html,American Carousel Style Turkish Figure,037844,product-037844,yes,17,14,yes,
newel.com/product/american-conetemporary-sabored-leg-black-slipper-chair-.html,American Conetemporary Sabored Leg Black Slipper Chair,REG5399,product-reg5399,yes,66,66,yes,
newel.com/product/american-contemporary-art-glass-tropical-fish.html,American Contemporary Art Glass Tropical Fish,064102,product-064102,yes,60,60,yes,
newel.com/product/american-contemporary-black-leather-side-chair-.html,American Contemporary Black Leather Side Chair,REG5398,product-reg5398,yes,60,60,yes,
newel.com/product/american-contemporary-blue-and-black-mixed-media-orb.html,American Contemporary Blue and Black Mixed Media Orb,REG9104,product-reg9104,yes,78,78,yes,
newel.com/product/american-contemporary-brown-ceramic-sphere.html,American Contemporary Brown Ceramic Sphere,REG9127,product-reg9127,yes,66,66,yes,
newel.com/product/american-contemporary-chrome-wall-mirror.html,American Mid-Century Chrome Wall Mirror,REG9075,product-reg9075,yes,36,0,yes,
newel.com/product/american-contemporary-circular-metal-sculpture.html,American Contemporary Circular Metal Sculpture,REG5615,product-reg5615,yes,54,54,yes,
newel.com/product/american-contemporary-curtis-jere-oxidized-brass-wall-sculpture.html,American Contemporary Curtis Jere Oxidized Brass Wall Sculpture,REG5405,product-reg5405,yes,42,41,yes,
newel.com/product/american-contemporary-custom-horse-bench.html,American Contemporary Custom Made Horse Leg Saddle Stool / Bench,NWL9008,product-nwl9008,yes,59,4,yes,
newel.com/product/american-contemporary-green-ceramic-sphere.html,American Contemporary Green Ceramic Sphere,REG9128,product-reg9128,yes,60,60,yes,
newel.com/product/american-contemporary-mustard-yellow-velvet-chairs.html,American Contemporary Mustard Yellow Velvet Chairs,064347,product-064347,yes,72,72,yes,
newel.com/product/american-contemporary-steel-mesh-stacking-chairs.html,American Contemporary Steel Mesh Stackable Chairs,064337,product-064337,yes,78,78,yes,
newel.com/product/american-contemporary-suede-bench-with-side-arms-.html,GEOFFREY BRADFIELD American Contemporary Suede Bench with Curved Side Arms,NWL7691,product-nwl7691,yes,65,65,yes,
newel.com/product/american-country-style-antique-door-coffee-table.html,American Country Style Antique Door Coffee Table,NWL9060,product-nwl9060,yes,78,7,yes,
newel.com/product/american-federal-gilt-eagle-figure.html,American Federal Gilt Eagle Figure,030601,product-030601,yes,54,1,yes,
newel.com/product/American-Federal-style-mahogany-and-gold-wall-mirror-.html,American Federal style Mahogany and Gold Wall Mirror,063836,product-063836,yes,47,43,yes,
newel.com/product/american-federal-style-small-hand-painted-floral-mirror.html,American Federal Style Small Handpainted Floral Mirror,NWL8883,product-nwl8883,yes,35,0,yes,
newel.com/product/american-federal-style-tri-panel-gold-leaf-mirror.html,American Federal Style Tri-Panel Gold Leaf Wall Mirror,063976,product-063976,yes,10,0,yes,
newel.com/product/american-mid-century-brown-channeled-leather-bench.html,American Mid-Century Brown Channel Tufted Leather Bench,063931,product-063931,yes,54,54,yes,
newel.com/product/american-mid-century-brown-leather-lounge-chairs-pair.html,American Mid-Century Brown Leather Lounge Chairs,064345,product-064345,yes,72,72,yes,
newel.com/product/american-mid-century-cubist-mirror.html,Lane American Mid-Century Cubist Mirror,REG5155,product-reg5155,yes,42,37,yes,
newel.com/product/american-mid-century-gilt-wall-mirror-with-geometric-Frame-.html,American Mid-Century Gilt Wall Mirror with Geometric Frame,NWL6131,product-nwl6131,yes,42,0,yes,
newel.com/product/american-mid-century-modern-brutalist-end-table-with-rotating-top.html,American Mid-Century Modern Brutalist End Table with Rotating top,NWL7930,product-nwl7930,yes,78,5,yes,
newel.com/product/american-mid-century-modern-onyx-and-brass-sculpture-of-a-globe-curtis-jere.html,Curtis Jere American Mid-Century Modern Onyx and Brass Sculpture of A Globe,REG4537,product-reg4537,yes,60,59,yes,
newel.com/product/american-mid-century-modern-wood-slice-sculpture.html,American Petried Wood Table Sculpture,REG9113,product-reg9113,yes,72,72,yes,
newel.com/product/american-mid-century-octagon-shaped-wall-mirror-.html,American Mid-Century Octagon Shaped Wall Mirror,063917,product-063917,yes,48,0,yes,
newel.com/product/american-mid-century-paul-frankl-dining-chairs.html,American Mid-Century Paul Frankl Dining chair,REG5073,product-reg5073,yes,72,68,yes,
newel.com/product/american-mid-century-red-fabric-upholstered-auditorium-chairs.html,American Mid-Century Burgundy Fabric Upholstered Auditorium Chairs,064282,product-064282,yes,78,5,yes,
newel.com/product/american-mid-century-slatted-wooden-bar-stools.html,Arthur Umanoff American Mid-Century Slatted Wooden Bar Stools,064280,product-064280,yes,72,71,yes,
newel.com/product/american-mid-century-white-painted-wall-mirror.html,American Mid-Century White Painted Wall Mirror,REG4196,product-reg4196,yes,42,37,yes,
newel.com/product/american-mid-century-wild-asian-teak-tree-root-sculpture.html,American Mid-Century Wild Asian Teak Tree Root Sculpture,DUA0035,product-dua0035,yes,60,60,yes,
newel.com/product/american-mid-century-yellow-fabric-upholstered-lounge-chairs-c.html,American Mid-Century Yellow Fabric Upholstered Lounge Chairs,064288C,product-064288c,yes,54,54,yes,
newel.com/product/american-mid-century-yellow-fabric-upholstered-lounge-chairs.html,American Mid-Century Yellow Fabric Upholstered Lounge Chairs,064288B,product-064288b,yes,84,59,yes,
newel.com/product/american-mission-cheval-mirror.html,American Mission Oak and Brass Cheval Mirror,040081F,product-040081f,yes,10,10,yes,
newel.com/product/american-mission-leather-and-wood-barstools.html,American Mission Leather and wood Barstools,064283,product-064283,yes,78,78,yes,
newel.com/product/american-modern-circular-églomisé-mirror-david-marshall.html,"American Modern Circular Églomisé Mirror, David Marshall",REG4528,product-reg4528,yes,10,1,yes,
newel.com/product/american-papier-mache-camel-figure.html,American Papier-Mache Camel Figure,059706,product-059706,yes,18,1,yes,
newel.com/product/american-victorian-red-upholstered-side-chairs.html,American Victorian Red Damask Upholstered Side Chairs,064289,product-064289,yes,78,0,yes,
newel.com/product/american-windsor-hoop-back-armchair.html,American Windsor style hoop back armchair,028014,product-028014,yes,59,59,yes,
newel.com/product/argentinian-modern-abstract-stone-sculpture-1960s.html,"Chemedu Jemali Argentinian Modern Abstract Stone Sculpture, 1960s",REG4475,product-reg4475,yes,84,84,yes,
newel.com/product/arno-dining-side-chairs-by-newel-modern-1.html,"Set of ""Hugo"" Dining Side Chairs",MOD2035,product-mod2035,yes,66,64,yes,
newel.com/product/Art-Deco-Dining-Chairs-with-red-upholstered-seat-and-high-back.html,Art Deco Red Upholstered Seat and High Back Dining Chairs,028250,product-028250,yes,78,0,yes,
newel.com/product/art-deco-french-shagreen-and-rosewood-cheval-mirror.html,Art Deco French Shagreen and Rosewood Cheval Mirror,REG4814,product-reg4814,yes,72,69,yes,
newel.com/product/art-deco-style-american-cast-metal-and-marble-sculpture-of-three-marching-elephants.html,Art Deco-Style American Cast Metal and Marble Sculpture of Three Marching Elephants,GRS6293,product-grs6293,yes,78,75,yes,
newel.com/product/art-deco-wrought-iron-cheval-mirror-1.html,French Art Deco Wrought Iron Cheval Mirror,060579,product-060579,yes,66,63,yes,
newel.com/product/art-nouveau-wooden-dancing-figures.html,Pair of Art Nouveau Wooden Dancing Figures,040451B,product-040451b,yes,133,128,yes,
newel.com/product/asian-hand-carved-mirrored-console-table.html,Asian Hand Carved and Mirrored Console Table,028198,product-028198,yes,66,0,yes,
newel.com/product/asian-mid-century-ming-style-rosewood-arrmchair.html,Asian Chinese Ming Style (c. 1970&#039;s) Rosewood Armchair,064316,product-064316,yes,65,0,yes,
newel.com/product/asian-rosewood-pearl-inlaid-rrectangular-center-table.html,Asian rosewood and pearl inlaid rectangular center / davenport table,028245,product-028245,yes,60,0,yes,
newel.com/product/belgian-contemporary-cross-stool-burned-oak.html,Arno Declercq Belgian Contemporary Wooden Stool,NWL9029,product-nwl9029,yes,18,12,yes,
newel.com/product/bentwood-thonet-cheval-mirror-1.html,White Painted Bentwood Cheval Mirror (manner of Michael Thonet),038062A,product-038062a,yes,67,67,yes,
newel.com/product/bentwood-thonet-oak-cheval-mirror.html,Bentwood Oak Cheval Mirror (manner of Michael Thonet),038062B,product-038062b,yes,71,69,yes,
newel.com/product/biedermeier continental wall mirror1.html,Biedermeier Continental Wall Mirror,REG5120A,product-reg5120a,yes,25,0,yes,
newel.com/product/black-leather-steel-lounge-chairs.html,Contemporary Black Leather and Steel Tube Lounge Chairs,064344,product-064344,yes,66,61,yes,
newel.com/product/chinese-carved-and-lacquered-warrior-figures.html,Pair of Chinese Carved and Lacquered Warrior Figures,035467,product-035467,yes,78,74,yes,
newel.com/product/chinese-carved-painted-wood-dressing-table-vanity-mirror-with-gilt-highlights.html,Chinese Carved Painted Wood Dressing Table / Vanity Mirror with Gilt Highlights,GRS6302,product-grs6302,yes,83,61,yes,
newel.com/product/chinese-carved-root-deity-figure.html,Chinese Carved Root Deity Figure,JDB023,product-jdb023,yes,36,0,yes,
newel.com/product/Chinese-Carved-Whitewashed-Wooden-Ram-Statue.html,Chinese Carved Whitewashed Wooden Ram Statue,NWL2459,product-nwl2459,yes,90,89,yes,
newel.com/product/chinese-chippendale-side-chairs.html,Chinese Chippendale Bamboo Side Chairs,NWL8887,product-nwl8887,yes,10,6,yes,
newel.com/product/chinese-contemporary-samurai-sword-chair.html,"Kar Studio Chinese Contemporary ""Samurai Sword"" Chair",NWL8740,product-nwl8740,yes,76,73,yes,
newel.com/product/chinese-decorated-terra-cotta-figures.html,Pair of Chinese Decorated Terra-Cotta Figures,AGO049,product-ago049,yes,36,0,yes,
newel.com/product/chinese-round-yellow-cashpot.html,Chinese yellow floral and bird decorated round cashpot,028252,product-028252,yes,36,7,yes,
newel.com/product/chinese-square-celadon-jardiniere.html,Chinese celadon square jardiniere,028251,product-028251,yes,42,1,yes,
newel.com/product/chippendale-bamboo-and-glass-dining-table.html,Chinese Chippendale Bamboo and Glass Dining Table,NWL8888,product-nwl8888,yes,54,7,yes,
newel.com/product/chrome-and-leather-barstools.html,DIA American Contemporary Chrome and Leather Barstools,064133,product-064133,yes,66,66,yes,
newel.com/product/cleo-baldon-for-terra-of-california-mid-century-american-x-frame-beige-barstool-.html,Cleo Baldon for Terra of California Mid-Century American X-Frame Beige Barstool,DUF0834,product-duf0834,yes,72,72,yes,
newel.com/product/contemporary-american-brown-lacquered-wooden-desk.html,Contemporary American Brown Lacquered Wooden Desk,063540,product-063540,yes,70,70,yes,
newel.com/product/contemporary-american-patinated-bronze-abstract-sculpture-on-marble-base-in-the-style-of-brancusi.html,"Contemporary American Patinated Bronze Abstract Sculpture on Marble Base, in the Style of Brancusi",REG5344,product-reg5344,yes,126,126,yes,
newel.com/product/contemporary-amorphous-fiberglass-armchair.html,Kar Studio Contemporary Amorphous Fiberglass Armchairs,NWL8701,product-nwl8701,yes,65,62,yes,
newel.com/product/contemporary-beige-amorphous-fiberglass-side-chair.html,Kar Studio Chinese Contemporary Beige Amorphous Fiberglass Side Chairs,NWL8702,product-nwl8702,yes,76,73,yes,
newel.com/product/contemporary-beige-fiberglass-low-stool.html,Kar Studio Chinese Contemporary Beige Fiberglass Low Stools,NWL8704,product-nwl8704,yes,58,53,yes,
newel.com/product/contemporary-beige-fiberglass-tooth-stool.html,Kar Studio Chinese Contemporary Beige Fiberglass Tooth Stool,NWL8706,product-nwl8706,yes,64,59,yes,
newel.com/product/contemporary-black-amorphous-playdough-fiberglass-side-chair.html,"Kar Studio Contemporary Black Amorphous ""Playdough"" Fiberglass Side Chairs",NWL8703,product-nwl8703,yes,28,25,yes,
newel.com/product/contemporary-black-tooth-stools.html,"Kar Studio Contemporary ""Black Tooth"" Stools",NWL8750,product-nwl8750,yes,23,18,yes,
newel.com/product/contemporary-blue-glass-vase.html,Contemporary Blue Glass Vase,NWL9067,product-nwl9067,yes,72,7,yes,
newel.com/product/contemporary-brass-and-onyx-wall-mirror.html,Kura by Marble Balloon Contemporary Brass and Onyx Wall Mirror,NWL8847,product-nwl8847,yes,30,2,yes,
newel.com/product/contemporary-brass-mirror-candle-holder.html,Dessislava Madanska Continental Contemporary Brass Mirror Candle Holder,NWL8761,product-nwl8761,yes,61,61,yes,
newel.com/product/contemporary-brass-slit-mirror.html,"Philip Jividen American Contemporary Brass ""Slit"" Mirror",NWL8737,product-nwl8737,yes,36,36,yes,
newel.com/product/contemporary-brown-fiberglass-low-stool.html,Kar Studio Chinese Contemporary Brown Fiberglass Low Stool,NWL8705,product-nwl8705,yes,64,59,yes,
newel.com/product/contemporary-brownish-arch-bench.html,Kar Studio Chinese Contemporary Brownish Fiberglass Arch Bench,NWL8751,product-nwl8751,yes,65,61,yes,
newel.com/product/contemporary-ceramic-teapot-and-teabag-dish-set-with-union-jack-design.html,Contemporary Ceramic Teapot and Tea Bag Dish Set with Union Jack Design,NWL9076,product-nwl9076,yes,72,7,yes,
newel.com/product/contemporary-coffee-curl-up-lounge-chair.html,"Kar Studio Contemporary ""Coffee Curl Up Lounge"" Chair",NWL8769,product-nwl8769,yes,53,6,yes,
newel.com/product/contemporary-dark-wood-and-brushed-silver-metal-x-leg-dining-table-1.html,Contemporary Dark Wood and Brushed Silver Metal X-Leg Dining Table,064610,product-064610,yes,36,7,yes,
newel.com/product/contemporary-egg-mirror.html,"Novocastrian English Contemporary ""Egg"" Shaped Wall Mirror",NWL8735,product-nwl8735,yes,10,2,yes,
newel.com/product/contemporary-four-legs-burned-and-waxed-iroko-wood-stool.html,Arno Declerq Belgian Contemporary Burned and Waxed Iroko Wood Stools,NWL8719,product-nwl8719,yes,49,44,yes,
newel.com/product/contemporary-high-back-MDF-frame-chair.html,Kar Studio Chinese Contemporary High Back MDF Frame Chairs,NWL8727,product-nwl8727,yes,70,23,yes,
newel.com/product/contemporary-itooraba-natural-pine-stool.html,"Sizar Alexis Scandanavian Contemporary ""Itooraba"" Natural Pine Stool",NWL8752,product-nwl8752,yes,19,14,yes,
newel.com/product/contemporary-japanese-style-black-coffee-table.html,Contemporary Japanese-Style Black Coffee Table,NWL9080,product-nwl9080,yes,60,7,yes,
newel.com/product/contemporary-kub-chair.html,"Lucas Tyra Morten Scandanavian Contemporary ""Kub"" Chair",NWL8753,product-nwl8753,yes,37,37,yes,
newel.com/product/contemporary-marble-top-cafe-table.html,Contemporary Marble-Top Cafe Table,NWL9078,product-nwl9078,yes,54,7,yes,
newel.com/product/contemporary-mid-century-style-walnut-and-textured-charcoal-gray-upholstered-side-chairs.html,"""Karl"" Contemporary Mid-Century Style Walnut and Textured Charcoal Gray Upholstered Armchairs",MOD2032,product-mod2032,yes,65,65,yes,
newel.com/product/contemporary-middle-eastern-marble-brown-and-white-console.html,Chapter Studio Contemporary Middle Eastern Marble and Travertine Console,NWL8736,product-nwl8736,yes,67,67,yes,
newel.com/product/contemporary-mono-block-cement-chairs.html,"Isac Elam Kaid Canadian Contemporary ""Mono Block"" Cement Chair",NWL8782,product-nwl8782,yes,67,6,yes,
newel.com/product/contemporary-once-upon-a-time-hypnos-wall-mirror.html,Mark Strukenboom Dutch Contemporary Once Upon a Time Hypnos Wall Mirror,NWL8841,product-nwl8841,yes,12,3,yes,
newel.com/product/contemporary-oracle-ash-wood-bench.html,"Kar Studio Contemporary ""Oracle"" Ash Wood Bench",NWL8786,product-nwl8786,yes,15,11,yes,
newel.com/product/contemporary-oracle-chair-with-lacquered-finish.html,"Kar Studio Contemporary ""Oracle"" Chair with Gloss Finish",NWL8765,product-nwl8765,yes,65,6,yes,
newel.com/product/contemporary-oracle-chair-with-matte-finish.html,"Kar Studio Contemporary ""Oracle"" Chair with Matte Finish",NWL8764,product-nwl8764,yes,59,6,yes,
newel.com/product/contemporary-portugese-malibu-sofa.html,"DOOQ Contemporary Portugese Light Grey Boucle Fabric ""Malibu"" Sofa",NWL8738,product-nwl8738,yes,11,5,yes,
newel.com/product/contemporary-stainless-steel-chabanel-chair.html,"Atelier Barda Canadian Contemporary Stainless Steel ""Chabanel II"" Chair",NWL8717,product-nwl8717,yes,31,31,yes,
newel.com/product/contemporary-steel-gold-arch-bench.html,Pietro Franceshini Italian Contemporary Steel Gold Arch Bench,NWL8747,product-nwl8747,yes,49,45,yes,
newel.com/product/contemporary-upholstered-foam-unique-bench.html,"Evan Fay American Contemporary Unique ""Lawless"" Bench",NWL8711,product-nwl8711,yes,30,30,yes,
newel.com/product/contemporary-white-curl-up-lounge-chair.html,"Kar Studio Contemporary ""White Curl Up Lounge"" Chair",NWL8770,product-nwl8770,yes,35,7,yes,
newel.com/product/contemporary-white-marble-sculpture-of-elephant.html,Contemporary White Marble Sculpture of Elephant,NWL6971,product-nwl6971,yes,54,54,yes,
newel.com/product/contemporay-circular-lounge-chairs.html,Kar Studio Contemporary Circular Boucle Upholstered Lounge Chairs,NWL8716,product-nwl8716,yes,40,37,yes,
newel.com/product/continental-laplander-painted-figures.html,Pair of Continental Laplander Painted Figures,057077A,product-057077a,yes,114,110,yes,
newel.com/product/continental-mid-century-biomorphic-sculpture.html,Raul Varnerin Brazilian Mid-Century Biomorphic Sculpture,REG5602,product-reg5602,yes,72,72,yes,
newel.com/product/corda-bench-footstool-natural-1.html,Corda Bench / Footstool (Natural Papercord),MOD2038,product-mod2038,yes,66,66,yes,
newel.com/product/corda-long-bench-natural.html,Corda Long Bench (Natural),MOD2039A,product-mod2039a,yes,66,66,yes,
newel.com/product/country-style-native-american-figure.html,Country Style Native American Figure,057102,product-057102,yes,41,0,yes,
newel.com/product/country-style-wooden-girl-figure.html,Country Style Wooden Girl Figure,042326,product-042326,yes,102,1,yes,
newel.com/product/curtis-jere-starburst-sculpture.html,Curtis Jere Starburst Sculpture,REG4671,product-reg4671,yes,42,41,yes,
newel.com/product/curtis-jeré-abstract-raindrop-circles-wall-sculpture.html,Curtis Jeré Abstract Raindrop Circles Wall Sculpture,REG4606,product-reg4606,yes,16,11,yes,
newel.com/product/dominique-et-cie-french-art-deco-mahogany-beige-and-gold-patterned-upholstered-dining-side-chairs.html,Dominique et Cie French Art Deco Mahogany Beige and Gold Patterned Upholstered Dining / Side Chairs,REG4308,product-reg4308,yes,80,78,yes,
newel.com/product/dutch-carved-wooden-eagle-figure.html,Dutch Carved Wooden Eagle Figure,020801,product-020801,yes,60,56,yes,
newel.com/product/e-guillemin-bronze-gladiator-figures.html,Pair of E. Guillemin Bronze Gladiator Figures,MEN017,product-men017,yes,35,3,yes,
newel.com/product/Edward-J-Wormley-for-Dunbar-Furniture-Co-Mid-Century-American-Two-Section-Walnut-Chest.html,Edward J Wormley for Dunbar Furniture Co. Mid-Century American Walnut Chest,DUF0266B,product-duf0266b,yes,80,80,yes,
newel.com/product/egyptian-carved-sarcophagus-figure.html,Egyptian Carved Sarcophagus Figure,051113,product-051113,yes,30,25,yes,
newel.com/product/egyptian-figure-on-base.html,Contemporary Reproduction of Egyptian Figure on base,064097A,product-064097a,yes,65,65,yes,
newel.com/product/egyptian-insect-figure-on-base.html,Contemporary Reproduction of Egyptian Scarab Figure on Base,064097B,product-064097b,yes,53,53,yes,
newel.com/product/empire-style-cheval-mirror-with-zoomorphic-details.html,American Empire Style Zoomorphic Design Cheval Mirror,062377,product-062377,yes,66,65,yes,
newel.com/product/english-art-nouveau-wall-shelf.html,English Art Nouveau mahogany and gilt metal trim wall mirror with shelves,028213,product-028213,yes,48,1,yes,
newel.com/product/english-country-pine-rooster-figure.html,English Country Pine Rooster Figure,053838,product-053838,yes,10,1,yes,
newel.com/product/english-george-i-carved-giltwood-framed-pier-mirror-063930.html,English George I Carved Giltwood Framed Pier Mirror,063930,product-063930,yes,90,0,yes,
newel.com/product/english-queen-anne-style-chinoiserie-red-wall-mirror.html,English Queen Anne Style Chinoiserie Red Wall Mirror,NWL8880,product-nwl8880,yes,60,0,yes,
newel.com/product/english-regency-bird-base-console.html,English Regency console with a carved bird & floral base over a shaped top,028069,product-028069,yes,66,66,yes,
newel.com/product/english-regency-black-lacquered-chinoiserie-decorated-side-chair.html,English Regency black lacquered chinoiserie decorated sdie chair,028035,product-028035,yes,54,54,yes,
newel.com/product/english-regency-mahogany--circular-bench.html,English Regency Mahogany Semi-Circular Bench,REG4876,product-reg4876,yes,90,89,yes,
newel.com/product/english-secretary-walnut-burl.html,English (18th/19th Cent) Walnut Burl Secretary Desk,NWL8651,product-nwl8651,yes,36,0,yes,
newel.com/product/english-victorian-black-tufted-chesterfield-sofa.html,English Victorian Chesterfield Style Black Tufted Sofa,064333,product-064333,yes,78,78,yes,
newel.com/product/english-victorian-chesterfield-style-brown-tufted-lounge-chairs.html,English Victorian Chesterfield Style Tufted Brown Leather Lounge Chairs,064346,product-064346,yes,72,72,yes,
newel.com/product/english-victorian-oxblood-tufted-chesterfield-sofa.html,English Victorian Chesterfield Style Black Tufted Sofa,064334,product-064334,yes,60,60,yes,
newel.com/product/english-victorian-style-tufted-camelback-sofa.html,English Victorian Style Black Tufted Camelback Sofa,064340,product-064340,yes,72,72,yes,
newel.com/product/enrique-garcel-abelone-mosaic-mirror.html,Enrique Garcel Abelone Mosaic Mirror,REG4492,product-reg4492,yes,10,5,yes,
newel.com/product/faux-bamboo-needlepoint-stool-2.html,Aesthetics Movement Faux Bamboo Gilt Needlepoint Stool,028022,product-028022,yes,42,41,yes,
newel.com/product/franco-lafini-italian-mid-century-silver-plate-and-crystal-crane.html,Franco Lafini Italian Mid-Century SIlver Plate and Crystal Crane,DUA0040,product-dua0040,yes,73,73,yes,
newel.com/product/frank-gehry-for-knoll-hat-trick-chairs.html,"34 Frank Gehry for Knoll ""Hat Trick"" Armchairs",NWL7869,product-nwl7869,yes,97,5,yes,
newel.com/product/french-art-deco-floral-and-scroll-design-skirted-wrought-iron-wall-mirror.html,French Art Deco Floral and Scroll Design Skirted Wrought Iron Wall Mirror,REG5527,product-reg5527,yes,36,7,yes,
newel.com/product/french-art-deco-mahogany-brass-open-back-side-chair-.html,French Art-Deco Mahogany Brass Open Back Side Chair,063799B,product-063799b,yes,60,1,yes,
newel.com/product/french-art-deco-pate-de-verre-alligator-sculpture-daum-france.html,"French Art Deco Pate-De-Verre Alligator Sculpture, Daum France",REG4250,product-reg4250,yes,42,39,yes,
newel.com/product/french-art-deco-wooden-upholstered-bench-1-mto.html,Customizable French Art Deco Style Custom Wooden Upholstered Bench (Made to Order),MTO062876,product-mto062876,yes,55,55,yes,
newel.com/product/french-ceramic-sunburst-coffee-table-1.html,Roger Capron French Mid-Century Ceramic and Oak Sunburst Coffee Table,060478,product-060478,yes,38,37,yes,
newel.com/product/french-contemporarry-pierre-sofa.html,Eric Gizard French Contemporary Brown and Beige Upholstered Pierre Sofa,NWL8845,product-nwl8845,yes,10,0,yes,
newel.com/product/french-contemporary-hand-sculpted-woodenn-stool.html,Cedric Breisacher French Contemporary Hand-Sculpted Wooden Stool,NWL8846,product-nwl8846,yes,36,12,yes,
newel.com/product/french-contemporary-upholstered-and-molded-form-modular-chairs.html,SET of 10 Henryot & Cie French Contemporary Custom Upholstered and Molded Plastic Frame Modular Chairs,NWL7837,product-nwl7837,yes,25,4,yes,
newel.com/product/french-contemporary-walnut-boucle-daybed.html,Gregory Beson Contemporary Walnut and Boucle Daybed,NWL9030,product-nwl9030,yes,18,0,yes,
newel.com/product/french-empire-mahogany-mirror.html,French Empire Mahogany Mirror,REG5158,product-reg5158,yes,42,41,yes,
newel.com/product/french-empire-style-arched-cheval-mirror.html,French Empire Style Arched Cheval Mirror,063585,product-063585,yes,78,78,yes,
newel.com/product/french-empire-style-contemporary-armchair.html,English Victorian Style Contemporary Armchair,NWL8613,product-nwl8613,yes,66,3,yes,
newel.com/product/french-folk-oak-eagle-figure.html,French Folk Oak Eagle Figure,GRS231,product-grs231,yes,53,3,yes,
newel.com/product/French-GustavianStyle-armchair.html,19 Century French Gustavian Style armchair,NAC5186,product-nac5186,yes,60,4,yes,
newel.com/product/french-louis-xv-cupid-figure-1.html,French Louis XV Cupid Figure,017291A,product-017291a,yes,36,1,yes,
newel.com/product/french-louis-xv-giltwood-mirror-.html,French Louis XV Giltwood Mirror,REG5156,product-reg5156,yes,60,58,yes,
newel.com/product/french-louis-xv-style-inlaid-bombe-shaped-commode-7895.html,Continental German Louis XV style (18th Century) Inlaid Bombe Shaped Commode,NWL7895,product-nwl7895,yes,78,78,yes,
newel.com/product/french-louis-xv-style-porters-chairs.html,Pair of Safavieh Couture French Louis XV Style Porter&#039;s Chairs,064028,product-064028,yes,90,1,yes,
newel.com/product/french-louis-xvi-coat-of-arm-embossed-side-chair-.html,French Louis XVI Coat of Arm Embossed Side Chair,REG5401,product-reg5401,yes,84,81,yes,
newel.com/product/french-louis-xvi-style-red-upholstered-high-back-armchairs.html,Pair of French Louis XVI style Red Velvet Upholstered High Back Armchairs,064281,product-064281,yes,60,4,yes,
newel.com/product/French-Mid-Century-Metal-and-Murano-Glass-Bird-Chandelier.html,Bauges French Mid-Century Metal and Murano Glass Bird Chandelier,059283,product-059283,yes,35,35,yes,
newel.com/product/french-mid-century-paulistano-cognac-leather-lounge-chairs.html,Paulo Mendes da Rocha for Objekto Brazilian Contemporary Paulistano Cognac Leather Chairs,064351,product-064351,yes,66,66,yes,
newel.com/product/french-rectangular-mirrored-end-table-1.html,French Mid-Century Rectangular Gilt Metal and Mirrored End Table,057935A,product-057935a,yes,63,7,yes,
newel.com/product/gary-dipasquale-contemporary-wave-form-clay-and-white-glazed-table-lamp.html,Gary DiPasquale Contemporary Wave Form Clay and White Glazed Table Lamps,NWL7595,product-nwl7595,yes,69,69,yes,
newel.com/product/gio-ponti-style-italian-mid-century-gold-asymmetrical-wall-mirror-.html,Gio Ponti Style Italian Mid-Century Gold Asymmetrical Wall Mirror,NWL6992,product-nwl6992,yes,42,37,yes,
newel.com/product/grecian-bronze-military-woman-figure.html,Grecian Bronze Military Woman Figure,042137B,product-042137b,yes,66,62,yes,
newel.com/product/grendel-bite-bronze-brutalist-contemporary-figural-sculpture-by-newel-modern.html,"""Grendel"" Limited Edition Bronze Brutalist Contemporary Figural Sculpture",MOD2084,product-mod2084,yes,54,54,yes,
newel.com/product/hand-painted-tri-fold-peacock-screen.html,Hand Painted Tri-fold Peacock Screen,058786,product-058786,yes,60,0,yes,
newel.com/product/Harvey-Probber-American-Mid-Century-Peacock-Blue-Gondola-Mahogany-Pull-Up-Side-Chair-a.html,Harvey Probber American Mid-Century Peacock Blue &#039;Gondola&#039; Mahogany Pull Up Side Chair,DUF0423A,product-duf0423a,yes,16,2,yes,
newel.com/product/italian-mid-century-floral-ornate-mirror.html,Italian Mid-Century Ornate Floral Mirror,REG9129,product-reg9129,yes,42,0,yes,
newel.com/product/italian-mid-century-floral-round-murano-glass-wall-mirror-.html,Italian Mid-Century Floral Round Murano Glass Wall Mirror,NWL6997,product-nwl6997,yes,42,37,yes,
newel.com/product/italian-mid-century-fontana-arte-wall-mirror-.html,Italian Mid-Century Fontana Arte Wall Mirror,REG5133,product-reg5133,yes,48,42,yes,
newel.com/product/italian-mid-century-murano-ceiling-mount-light.html,Italian Mid-Century Murano Ceiling Mount Light,NWL8889,product-nwl8889,yes,54,0,yes,
newel.com/product/italian-monumental-silvered-bronze-equestrian-figure.html,Italian Silvered Bronze Equestrian Figure,REG5311,product-reg5311,yes,90,90,yes,
newel.com/product/italian-neo-classic-giltwood-stripe-upholstered-dining-side-chair.html,Italian Neo-Classic Giltwood & Stripe Upholstered Dining / SIde Chair,REG5183,product-reg5183,yes,83,80,yes,
newel.com/product/italian-neo-classic-walnut-cheval-mirror.html,Italian Neoclassic Inlaid Walnut Dolphin Design Cheval Mirror,037757B,product-037757b,yes,36,35,yes,
newel.com/product/italian-renaissance-iron-page-figures.html,Pair of Italian Renaissance Iron Page Figures,035467C,product-035467c,yes,78,74,yes,
newel.com/product/italian-renaissance-oak-pedestal-figures.html,Pair of Italian Renaissance Oak Pedestal Figures,020801C,product-020801c,yes,72,1,yes,
newel.com/product/italian-renaissance-painted-cavalier-figures.html,Pair of Italian Renaissance Painted Cavalier Figures,037744,product-037744,yes,36,33,yes,
newel.com/product/italian-renaissance-religious-figures.html,Pair of Italian Renaissance Religious Figures,041562A,product-041562a,yes,18,14,yes,
newel.com/product/italian-renaissance-religious-scholar-figure.html,Italian Renaissance Religious Scholar Figure,016160D,product-016160d,yes,60,57,yes,
newel.com/product/italian-renaissance-walnut-musician-figures.html,Pair of Italian Renaissance Walnut Musician Figures,039400,product-039400,yes,60,56,yes,
newel.com/product/italian-rococo-fruitwood-putti-figures.html,Pair of Italian Rococo Fruitwood Putti Figures,009031,product-009031,yes,162,7,yes,
newel.com/product/italian-rococo-green-cupid-figure.html,Italian Rococo Green Cupid Figure,060272,product-060272,yes,36,0,yes,
newel.com/product/italian-rococo-servant-figure.html,Italian Rococo Servant Figure,SIL078,product-sil078,yes,36,1,yes,
newel.com/product/italian-rococo-silver-gilt-wall-mirror-.html,Italian Rococo Silver Gilt Wall Mirror,063835,product-063835,yes,41,38,yes,
newel.com/product/italian-rococo-style-ornate-wall-mirror.html,Italian Rococo Style Ornate Wall Mirror,NWL6147,product-nwl6147,yes,59,0,yes,
newel.com/product/italian-venetian-grotto-seashell-tete-a-tete.html,Italian Venetian Grotto Seashell Tete-a-tete,055582,product-055582,yes,77,77,yes,
newel.com/product/italian-venetian-majolica-harlequin-figures.html,Pair of Italian Venetian Majolica Harlequin Figures,TUR012,product-tur012,yes,84,3,yes,
newel.com/product/italian-venetian-murano-etched-wall-mirror-3.html,Italian Venetian Murano Etched Floral Design Wall Mirrors,062894B,product-062894b,yes,16,16,yes,
newel.com/product/italian-venetian-murano-gold-dusted-glass-chandelier-3.html,Italian Venetian Murano Gold Dusted Glass Chandelier,064611,product-064611,yes,42,13,yes,
newel.com/product/italian-venetian-murano-gold-dusted-glass-wall-sconces-1.html,Pair of Italian Mid-Century Venetian Murano Gold Dusted Glass Wall Sconces,JKG2384,product-jkg2384,yes,36,36,yes,
newel.com/product/italian-venetian-murano-smoked-glass-chandelier-10.html,Italian Venetian Murano Smoked Glass Chandelier,JKG2029,product-jkg2029,yes,30,30,yes,
newel.com/product/italian-venetian-polychromed-figures-10.html,Pair of Italian Venetian Polychromed Figures,040606,product-040606,yes,102,99,yes,
newel.com/product/italian-venetian-polychromed-figures-11.html,Pair of Italian Venetian Polychromed Figures,REG3635,product-reg3635,yes,36,3,yes,
newel.com/product/italian-venetian-polychromed-figures-3.html,Pair of Italian Venetian Polychromed Figures,037318A,product-037318a,yes,144,142,yes,
newel.com/product/japanese-bronze-buddhist-turtle-and-crane-figurine.html,Japanese Bronze Buddhist Turtle and Heron Figurine,032115,product-032115,yes,60,60,yes,
newel.com/product/japanese-bronze-elephant-pagoda-figures.html,Pair of Japanese Bronze Elephant Pagoda Figures,051125,product-051125,yes,48,0,yes,
newel.com/product/javanese-carved-teak-figures.html,Pair of Javanese Carved Teak Figures,030152B,product-030152b,yes,30,1,yes,
newel.com/product/judaica-silver-plated-ceremonial-kiddush-cup.html,Judaica Silver Plated Ceremonial Kiddush Cup,NWL7418,product-nwl7418,yes,48,0,yes,
newel.com/product/karl-springer-style-armchair-goatskin-parchment-and-shagreen.html,American Contemporary Karl Springer Style Goatskin Parchment and Shagreen Armchair,NWL6048,product-nwl6048,yes,65,3,yes,
newel.com/product/Katavolos-Littell-Kelley-for-Laverne-Mid-Century-Chrome-and-Leather-Sling-Lounge-Chairs.html,"Pair of Katavolos, Littell & Kelley for Laverne Mid-Century Chrome and Leather Sling Lounge Chairs",DUF0447A,product-duf0447a,yes,60,2,yes,
newel.com/product/knoll-american-contemporary-barcelona-black-leather-sofa.html,Knoll American Contemporary Barcelona Black Leather Sofa,064338,product-064338,yes,66,65,yes,
newel.com/product/larrea-side-chair.html,Italian Neo-Classic style (reproduction) cream painted and gilt trim side chair,REG9090A,product-reg9090a,yes,71,0,yes,
newel.com/product/louis-xvi-gilt-cheval-mirror.html,Louis XVI Style Carved Giltwood Cheval Mirror,CON118,product-con118,yes,30,28,yes,
newel.com/product/louis-xvi-mahogany-cheval-mirror.html,Louis XVI Style Mahogany and Brass Cheval Mirror,PPM030,product-ppm030,yes,36,36,yes,
newel.com/product/luna-bronze-brutalist-contemporary-figural-sculpture-by-newel-modern.html,"""Luna"" Limited Edition Bronze Brutalist Contemporary Figural Sculpture",MOD2086,product-mod2086,yes,54,54,yes,
newel.com/product/mac-custom-upholstered-queen-headboard.html,"MAC II, Custom upholstered queen headboard",064671,product-064671,yes,54,54,yes,
newel.com/product/made-to-order-blue-lacquer-greek-key-design-wall-mirror.html,Customizable Modern Blue Lacquer Greek Key Design Wall Mirror,MTO011,product-mto011,yes,31,0,yes,
newel.com/product/made-to-order-French-1940s-Style-Modern-Veneered-Console-Table.html,French 1940s style Modern Mahogany Veneered Console Table,MTO60396,product-mto60396,yes,63,1,yes,
newel.com/product/made-to-order-french-mid-century-sycamore-console-table1.html,Customizable French Mid-Century Sycamore Console Table,MTO62261A,product-mto62261a,yes,62,0,yes,
newel.com/product/mallard-bronze-brutalist-contemporary-figural-sculpture-by-newel-modern.html,"""Mallard"" Limited Edition Bronze Brutalist Contemporary Abstract Sculpture",MOD2085,product-mod2085,yes,54,54,yes,
newel.com/product/mason-chamberlain-attributed-oil-on-canvas-064637.html,"Mason Chamberlain (attrib), oil on canvas,",064637,product-064637,yes,72,7,yes,
newel.com/product/matched-pair-of-art-deco-terracotta-sculpture-or-statues-by-demetre-chiparus.html,Matched Pair of Art Deco Terracotta Sculpture or Statues by Demetre Chiparus,REG4281,product-reg4281,yes,72,71,yes,
newel.com/product/michel-decoux-bronze-gladiator-figure-1.html,Michel Decoux Bronze Gladiator Figure,060457,product-060457,yes,30,1,yes,
newel.com/product/mid-century-american-embossed-beige-faux-reptile-leather-upholstered-quilted-desk-side-chair.html,Mid-Century American Embossed Beige Faux Reptile Leather Upholstered Quilted Desk / Side Chair,REG5081,product-reg5081,yes,89,83,yes,
newel.com/product/mid-century-american-modern-brass-unicorn-sculpture-on-square-base.html,Mid-Century American Modern Brass Unicorn Sculpture on Square Base,REG4600,product-reg4600,yes,84,84,yes,
newel.com/product/mid-century-american-upholstered-seat-armchair.html,TH Robsjohn Gibbings Mid-Century Upholstered Seat Armchair,REG4095A,product-reg4095a,yes,84,84,yes,
newel.com/product/mid-century-box-of-lionel-model-train-parts.html,Mid-Century Box of Lionel Model Train Parts,050060,product-050060,yes,30,30,yes,
newel.com/product/mid-century-lionel-model-locomotive-train-1.html,Mid-Century Lionel Model Locomotive Train,050057,product-050057,yes,36,36,yes,
newel.com/product/mid-century-metal-model-airplane.html,Mid-Century Metal Model Airplane,MP1220B,product-mp1220b,yes,17,17,yes,
newel.com/product/middle-easter-style-stool-with-tapestry-seat.html,Middle Eastern style ebonized stool with tapestry round seat,028167,product-028167,yes,36,0,yes,
newel.com/product/misc001-1.html,Contemporary dining table with a rectangular dark wood table top with two brushed silver metal X-shaped legs.,MISC001AAP,product-misc001aap,yes,10,6,yes,
newel.com/product/MOD2108A.html,Natural Live Edge Petrified Wood Stump,MOD2108A,product-mod2108a,yes,66,66,yes,
newel.com/product/MOD2108G.html,Natural Live Edge Petrified Wood Stump,MOD2108G,product-mod2108g,yes,54,54,yes,
newel.com/product/monumental-bronze-egyptian-figures.html,Set of Monumental Bronze Egyptian Figures,056981,product-056981,yes,84,84,yes,
newel.com/product/monumental-carousel-rooster-figure.html,Monumental Carousel Rooster Figure,040899,product-040899,yes,108,105,yes,
newel.com/product/monumental-figures-of-a-duke-duchess-1.html,Pair of Monumental Figures of a Duke & Duchess,031072A,product-031072a,yes,90,90,yes,
newel.com/product/NAC1093.html,Large Bagues rock crystal Chandelier (re-attach finial and replace missing crystal),NAC1093,product-nac1093,yes,71,12,yes,
newel.com/product/NAC1146.html,"Pair regency caned, rosewood spoonback chairs",NAC1146,product-nac1146,yes,72,9,yes,
newel.com/product/NAC1447.html,Engish Chippendale style (20th Century) wing back arm chairs,NAC1447,product-nac1447,yes,54,0,yes,
newel.com/product/native-american-northwest-totem-pole.html,Native American Northwest Totem Pole,042411A,product-042411a,yes,78,76,yes,
newel.com/product/norbert-brunner-i-think-therefore-you-are-2025.html,"Norbert Brunner, ""I Think, Therefore You Are"". (2025)",DUF0385A,product-duf0385a,yes,120,0,yes,
newel.com/product/nuno-walnut-dining-chair-with-cord-seat-1.html,Nuno Walnut Dining Chair with Cord Seat,MOD2048,product-mod2048,yes,72,71,yes,
newel.com/product/outdoor-country-iron-deer-statuary.html,Outdoor Country Iron Deer Statuary,056497,product-056497,yes,18,18,yes,
newel.com/product/outdoor-iron-female-figure-statuary-1.html,Outdoor Iron Female Figure Statuary,042147C,product-042147c,yes,24,24,yes,
newel.com/product/outdoor-iron-folding-chairs-1B.html,Outdoor French White Iron Folding Armchair,010298B,product-010298b,yes,66,0,yes,
newel.com/product/outdoor-iron-greek-woman-statuary.html,Outdoor Iron Greek Woman Statuary,036075B,product-036075b,yes,78,78,yes,
newel.com/product/outdoor-iron-nubian-women-statuaries-1.html,Pair of Outdoor Iron Nubian Women Statuaries,042147B,product-042147b,yes,30,30,yes,
newel.com/product/pair-of--mid-century-zebra-print-large-curled-arm-chairs-.html,Pair of Contemporary Style Zebra Print Arm Chairs,NWL2745,product-nwl2745,yes,84,0,yes,
newel.com/product/pair-of-american-mid-century-black-and-red-imitation-tortoise-shell-Mirror-.html,Pair of American Mid-Century Style Black and Red Imitation Tortoise Shell Mirrors,NWL2753,product-nwl2753,yes,54,0,yes,
newel.com/product/pair-of-burmese-carved-teak-standing-figure-1.html,Pair of Burmese Carved Teak Standing Figures,031323,product-031323,yes,24,20,yes,
newel.com/product/Pair-of-Chinese-Tang-Dynasty-Style-Tessellated-Bone-Veneer-Monumental-Horse-Statues.html,Pair of Chinese Tang Dynasty Style Tessellated Bone Veneer Monumental Horse Statues,062899,product-062899,yes,144,144,yes,
newel.com/product/pair-of-cleo-baldon-for-terra-of-california-mid-century-american-x-frame-avocado-green-barstools.html,Pair of Cleo Baldon for Terra of California Mid-Century American X-Frame Avocado Green Barstools,DUF0830,product-duf0830,yes,90,90,yes,
newel.com/product/pair-of-contemporary-american-carved-wood-sphere-sculptures.html,Pair of Contemporary American Carved Wood Sphere Sculptures,REG4661,product-reg4661,yes,54,54,yes,
newel.com/product/pair-of-designs-for-leisure-mid-century-american-fluted-column-floral-upholstered-swivel-bar-stools.html,Pair of Designs for Leisure Mid-Century American Fluted Column Floral Upholstered Swivel Bar Stools,DUF0873,product-duf0873,yes,93,93,yes,
newel.com/product/pair-of-dillingham-mid-century-american-horseshoe-cantilevered-burnt-orange-counter-stools.html,"Pair of Dillingham Mid-Century American ""Horseshoe"" Cantilevered Burnt Orange Counter Stools",DUF0829,product-duf0829,yes,84,84,yes,
newel.com/product/pair-of-edmond-spence-american-mid-century-diamond-walnut-framed-mirrors.html,Pair of Edmond Spence American Mid-Century Diamond Walnut Framed Mirrors,DUA0026,product-dua0026,yes,60,0,yes,
newel.com/product/pair-of-edward-wormley-for-dunbar-american-mid-century-square-wooden-two-tier-end-side-tables.html,Pair of Edward Wormley for Dunbar American Mid-Century Square Wooden Two-Tier End / Side Tables,DUF0729,product-duf0729,yes,74,74,yes,
newel.com/product/pair-of-english-georgian-carved-armchairs-with-geometric-design-fabric-.html,Pair of English Georgian Style Carved Armchairs With Geometric Design Fabric,NWL2747,product-nwl2747,yes,72,0,yes,
newel.com/product/pair-of-english-queen-anne-floral-upholstered-armchairs-.html,Pair of English oak Arts & Crafts Floral Upholstered Armchairs,063967,product-063967,yes,72,0,yes,
newel.com/product/pair-of-english-regency-chinoiserie-black-armchairs.html,Pair of J Robert Scott French Louis XV style Chinoiserie Style Black Armchairs,NWL6043,product-nwl6043,yes,81,1,yes,
newel.com/product/pair-of-english-victorian-grey-upholstered-armchairs-.html,Pair of French Regence Grey Upholstered Armchairs,063968,product-063968,yes,84,0,yes,
newel.com/product/pair-of-french-louis-xvi-floral-upholstered-bergere-armchairs-.html,Pair of French Louis XVI Floral Upholstered Bergere Armchairs,NWL2749,product-nwl2749,yes,78,0,yes,
newel.com/product/pair-of-italian-neoclassical-style-malachite-veneered-obelisks.html,Pair of Italian Neoclassical Style Malachite Veneered Obelisks,REG4501,product-reg4501,yes,10,10,yes,
newel.com/product/pair-of-luther-conover-mid-century-american-horseshoe-metal-and-wood-counter-stools.html,"Pair of Luther Conover Mid-Century American ""Horseshoe""  Metal and Wood Counter Stools",DUF0836,product-duf0836,yes,73,73,yes,
newel.com/product/pair-of-mid-century-american-polished-chrome-brass-and-black-leather-barstools.html,"Pair of Mid-Century American Polished Chrome, Brass and Black Leather Barstools",DUF0869,product-duf0869,yes,72,72,yes,
newel.com/product/pair-of-mid-century-american-triangular-blue-vinyl-upholstered-wood-bar-stools.html,Pair of Mid-Century American Triangular Blue Vinyl Upholstered Wood Bar Stools,DUF0898,product-duf0898,yes,72,72,yes,
newel.com/product/pair-of-mid-century-italian-modern-trianguar-orange-upholstered-benches-(manner-of-gio-ponti).html,Pair of Mid-Century Italian Modern Triangular Orange Upholstered Footstools (manner of Gio Ponti),REG4086,product-reg4086,yes,120,4,yes,
newel.com/product/Pair-of-Outdoor-Neo-Classical-Natural-Patina-Iron-Flute-and-Tambourine-Playing-Putti-Statues.html,Pair of Outdoor Neo-Classical Natural Patina Iron Flute and Tambourine-Playing Putti Statues,GRS6254,product-grs6254,yes,162,162,yes,
newel.com/product/pair-of-roger-lecal-for-chabrieres-&-co-french-mid-century-vanity-mirrors.html,Pair of Roger Lecal for Chabrieres & co French Mid-Century Vanity Mirrors,DUF0961,product-duf0961,yes,54,0,yes,
newel.com/product/pair-of-vladimir-kagan-contemporary-american-nobu-or-cubist-walnut-upholstered-dining-chairs.html,"Pair of Vladimir Kagan Contemporary American ""Nobu"" or ""Cubist"" Walnut Upholstered Dining Chairs",REG5043,product-reg5043,yes,77,77,yes,
newel.com/product/pair-of-warren-bacon-mid-century-american-brass-and-wood-horseshoe-cantilever-barstools.html,Pair of Warren Bacon Mid-Century American Brass and Wood Horseshoe Cantilever Barstools,DUF0877,product-duf0877,yes,81,81,yes,
newel.com/product/pair-of-warren-bacon-mid-century-american-chrome-and-wood-cantilever-bar-stools.html,Pair of Warren Bacon Mid-Century American Chrome and Wood Horseshoe Cantilever Bar Stools,DUF0880,product-duf0880,yes,70,70,yes,
newel.com/product/pair-russian-karelian-birch-arm-chairs.html,Pair Russian Karelian Birch arm chairs,064206,product-064206,yes,78,7,yes,
newel.com/product/paolo-buffa-italian-mid-century-brown-rectangle-wall-mirror.html,Paolo Buffa Italian Mid-Century Brown Rectangle Wall Mirror,REG4967A,product-reg4967a,yes,48,41,yes,
newel.com/product/papua-new-guinean-carved-wood-and-cowrie-shell-mask-figure.html,Papua New Guinean Carved Wood and Cowrie Shell Mask / Figure,GRS6314,product-grs6314,yes,60,60,yes,
newel.com/product/REG5109.html,Pair of Stone and Obelisk Architectural Elements,REG5109,product-reg5109,yes,90,90,yes,
newel.com/product/reg5129.html,Dutch Repouse Glass and Brass Mirror,REG5129,product-reg5129,yes,60,56,yes,
newel.com/product/REG5138.html,Giltwood Miror Louis XV,REG5138,product-reg5138,yes,42,41,yes,
newel.com/product/REG5154.html,John Dickinson Style White Lacquer Mirror,REG5154,product-reg5154,yes,54,7,yes,
newel.com/product/REG5196.html,Baltic Neoclassic Mirror 19th c,REG5196,product-reg5196,yes,42,8,yes,
newel.com/product/REG5565.html,Pair of Italian Baroque Silver Gilt and Painted Hand Form Reliquaries,REG5565,product-reg5565,yes,78,78,yes,
newel.com/product/REG5573.html,"Large Italian Modern Walnut and Brass Mirror, Attributed to Giovanni Michelucci",REG5573,product-reg5573,yes,36,0,yes,
newel.com/product/renaissance-polychromed-kneeling-figures.html,Pair of Renaissance Polychromed Kneeling Figures,034018,product-034018,yes,72,68,yes,
newel.com/product/renaissance-polychromed-winged-figures.html,Pair of Renaissance Polychromed Winged Figures,034018A,product-034018a,yes,60,56,yes,
newel.com/product/renaissance-walnut-devil-figures.html,Pair of Renaissance Walnut Devil Figures,044095,product-044095,yes,90,86,yes,
newel.com/product/Roger-Sprunger-for-Dunbar-American-Mid-Century-Bronze-and-Smoked-Glass-Coffee-Cocktail-Table.html,Roger Sprunger for Dunbar American Mid-Century Bronze and Smoked Glass Coffee / Cocktail Table,DUF0064,product-duf0064,yes,72,72,yes,
newel.com/product/russian-mahogany-foliate-arm-chair-c.html,Russian Mahogany Foliate Armchair,057316C,product-057316c,yes,60,1,yes,
newel.com/product/rustic-longhorn-and-kilim-upholstered-chair.html,American Rustic Horn and Kilim Upholstered Chair / Bench,064314,product-064314,yes,72,0,yes,
newel.com/product/rustic-small-mirror-with-faux-twig-carving.html,Rustic small carved faux twig mirror,051220,product-051220,yes,24,0,yes,
newel.com/product/sarreid-mid-century-american-studded-square-brass-frame-mirror.html,Sarreid Ltd Mid-Century American Studded Square Brass Frame Mirror,DUA0025,product-dua0025,yes,40,0,yes,
newel.com/product/scotsman-carousel-style-painted-kilt-figure.html,Scotsman Carousel Style Painted Kilt Figure,054113,product-054113,yes,60,59,yes,
newel.com/product/seating-armchair-rustic-old-hickory-oak-052838.html,American Rustic Old Hickory arm chair,052838,product-052838,yes,36,17,yes,
newel.com/product/seating-armchair-wicker-european-painted-051559b.html,English Lloyd Loom style painted wicker small roundback arm chair,051559B,product-051559b,yes,66,1,yes,
newel.com/product/seating-loveseat-settee-sofa-italian-grotto-silver-gilt-028214.html,Italian Venetian Grotto (19th Cent) silver gilt and polychromed trimmed loveseat,028214,product-028214,yes,65,3,yes,
newel.com/product/set-drop-back-bentwood-chairs-10.html,Bentwood Hairpin Scroll Café Walnut Side Chairs,064336,product-064336,yes,72,72,yes,
newel.com/product/set-of-10-milo-baughman-american-mid-century-polished-steel-and-purple-upholstered-side-chairs.html,Set of 10 Milo Baughman American Mid-Century Polished Steel and Purple Upholstered Side Chairs,REG5022,product-reg5022,yes,83,80,yes,
newel.com/product/set-of-16-english-adams-open-back-side-chairs-with-upholstered-cushion-.html,Set of 16 English Adam Style Open Back Side Chairs with Upholstered Cushion,063966,product-063966,yes,72,0,yes,
newel.com/product/set-of-18-American-mid-century-red-vinyl-tufted-side-chairs-.html,Set of 18 American Mid-Century Red Vinyl Tufted Side Chairs,NWL7232,product-nwl7232,yes,72,3,yes,
newel.com/product/set-of-3-american-country-windsor-black-armchairs-.html,Set of 3 English Windsor Style Black Armchairs,063969,product-063969,yes,72,1,yes,
newel.com/product/set-of-3-italian-renaissance-musical-figures-1.html,Set of 3 Italian Renaissance Musical Figures,032270,product-032270,yes,78,74,yes,
newel.com/product/set-of-3-warren-platner-for-knoll-international-mid-century-steel-and-red-upholstery-lounge-chairs.html,3 Warren Platner for Knoll International Mid-Century Steel and Red Upholstery Lounge Chairs,DUF0598A,product-duf0598a,yes,72,10,yes,
newel.com/product/Set-of-30-American-Modern-(c.1980's)-Pink-Metal-and-Vinyl-Indoor-Outdoor-Restaurant-Chairs.html,Set of 30 American Modern (c.1980&#039;s) Pink Metal and Vinyl Indoor / Outdoor Restaurant Chairs,NWL7631,product-nwl7631,yes,108,5,yes,
newel.com/product/set-of-30-italian-mid-century-red-vinyl-dining-side-chairs.html,30 Italian Mid-Century Red Vinyl Dining/ Side Chairs,NWL7230,product-nwl7230,yes,72,0,yes,
newel.com/product/set-of-4-american-mid-century-curled-armchairs-.html,Set of 4 French Directoire Curled Armchairs,063971,product-063971,yes,78,0,yes,
newel.com/product/set-of-4-american-rustic-old-hickory-and-willow-bar-stools.html,Set of 4 American Rustic Old Hickory and Willow Bar Stools,062853,product-062853,yes,132,132,yes,
newel.com/product/set-of-4-english-queen-anne-style-side-chairs-.html,Set of 4 English Queen Anne Style Side Chairs,NWL6103,product-nwl6103,yes,65,1,yes,
newel.com/product/set-of-5-american-mid-century-ed-wormley-ebonized-with-striped-upholstery-armchair--.html,Set of 5 American Mid-Century Ed Wormley Ebonized With Striped Upholestory Armchair,REG4008A,product-reg4008a,yes,74,74,yes,
newel.com/product/set-of-6-camille-gauthier-french-art-nouveau-ombelle-foliate-carved-side-chairs.html,Set of 6 Camille Gauthier French Art Nouveau Ombelle Foliate Carved Side Chairs,NWL6949,product-nwl6949,yes,87,87,yes,
newel.com/product/set-of-6-charles-hollis-jones-american-contemporary-clear-and-multi-colored-lucite-dining-side-chairs.html,Set of 6 Charles Hollis Jones American Contemporary Clear and Multi-Colored Lucite Dining Side Chair,REG5385,product-reg5385,yes,53,53,yes,
newel.com/product/set-of-6-jules-leleu-french-art-deco-amboyna-gold-geometric-fabric-upholstered-dining-armchairs.html,Set of 6 Jules Leleu French Art Deco Amboyna Gold Geometric Fabric Upholstered Dining / Armchairs,REG5013,product-reg5013,yes,72,69,yes,
newel.com/product/set-of-8-louis-majorelle-french-art-nouveau-carved-walnut-and-sage-green-muslin-side-chairs.html,Set of 8 Louis Majorelle French Art Nouveau Carved Walnut and Sage Green Muslin Side Chairs,NWL6953,product-nwl6953,yes,84,82,yes,
newel.com/product/set-of-eight-osvaldo-borsani-italian-modern-mahogany-and-brass-dining-chairs.html,Set of Eight Osvaldo Borsani Italian Modern Mahogany and Brass Dining Chairs,REG5534,product-reg5534,yes,66,0,yes,
newel.com/product/set-scroll-back-bentwood-chairs-5.html,Bentwood Hairpin Scroll Café Walnut Side Chairs,064335,product-064335,yes,72,72,yes,
newel.com/product/sheraton-satinwood-cheval-mirror.html,English Sheraton Style Satinwood Cheval Mirror,040081A,product-040081a,yes,60,60,yes,
newel.com/product/siamese-pilaster-temple-figures.html,Pair of Siamese Pilaster Temple Figures,036612,product-036612,yes,36,2,yes,
newel.com/product/Steven-Sebring-American-Contemporary-Red-Chair.html,Steven Sebring American Contemporary Red Chair,NWL7075,product-nwl7075,yes,71,70,yes,
newel.com/product/stig-lindberg-of-gustavsberg-scandinavian-mid-century-floral-ribbon-faience-mirror.html,Stig Lindberg of Gustavsberg Scandinavian Mid-Century Floral Ribbon Faience Mirror,DUA0031,product-dua0031,yes,37,0,yes,
newel.com/product/sue-et-mare-french-art-deco-giltwood-upholstered-bench.html,Sue et Mare French Art Deco Giltwood Upholstered Bench,REG4007,product-reg4007,yes,94,31,yes,
newel.com/product/swedish-gustavian-style-burl-birch-tIlt-top-table-064625.html,Swedish Gustavian style burl & birch tIlt-top table,064625,product-064625,yes,66,16,yes,
newel.com/product/swedish-neo-classic-monumental-cream-painted-and-parcel-gilt-wall-mirror.html,Swedish Neo-Classic Monumental Cream Painted and Parcel-Gilt Wall Mirror,REG4004,product-reg4004,yes,66,61,yes,
newel.com/product/swedish-neoclassical-ebonized-benches-with-side-arms.html,Pair of Swedish Neoclassical Ebonized Benches with Side Arms,NWL7924,product-nwl7924,yes,66,0,yes,
newel.com/product/table-coffee-table-mid-century-french-palisander-mto60399b.html,Customizable French 1940s Style Mahogany Veneer Coffee Table (manner of Maxime Old),MTO60399B,product-mto60399b,yes,11,1,yes,
newel.com/product/thai-gilt-and-jeweled-figures-1.html,Pair of Thai Gilt and Jeweled Figures,012668B,product-012668b,yes,36,2,yes,
newel.com/product/Thai-Gold-and-Red-Wooden-Bodhisattva-Statues.html,Thai Gold and Red Wooden Bodhisattva Statues,NWL2204,product-nwl2204,yes,150,150,yes,
newel.com/product/the-pillar-bronze-brutalist-contemporary-figural-sculpture-by-newel-modern.html,"""The Pillar"" Limited Edition Bronze Brutalist Contemporary Figural Sculpture",MOD2089,product-mod2089,yes,90,90,yes,
newel.com/product/the-preacher-bronze-brutalist-contemporary-figural-sculpture-by-newel-modern.html,"""The Preacher"" Limited Edition Bronze Brutalist Contemporary Figural Sculpture",MOD2087,product-mod2087,yes,60,60,yes,
newel.com/product/the-seer-bronze-brutalist-contemporary-figural-sculpture-by-newel-modern.html,"""The Seer"" Limited Edition Bronze Brutalist Contemporary Figural Sculpture",MOD2082,product-mod2082,yes,60,60,yes,
newel.com/product/the-wait-bronze-brutalist-contemporary-figural-sculpture-by-newel-modern.html,"""The Wait"" Limited Edition Bronze Brutalist Contemporary Figural Sculpture",MOD2083,product-mod2083,yes,60,60,yes,
newel.com/product/toco-counter-stool-walnut-by-newel-modern-1.html,Toco Counter Stool (Walnut),MOD2058,product-mod2058,yes,66,66,yes,
newel.com/product/tristan-govignon-celestial-offerings-old-man-in-the-moon-mount1.html,"Tristan Govignon ""Celestial Offerings, Old Man in the Moon"" Mount",GOV011F,product-gov011f,yes,15,0,yes,
newel.com/product/tristan-govignon-celestial-offerings-triple-sunburst-mount1.html,"Tristan Govignon ""Celestial Offerings, Triple Sunburst"" Mount",GOV011E,product-gov011e,yes,15,0,yes,
newel.com/product/victorian-bamboo-triptych-cheval-mirror.html,French Victorian Faux Bamboo Triptych Cheval Mirror,037757A,product-037757a,yes,54,54,yes,
newel.com/product/victorian-bronze-dore-peacock-figure.html,Victorian Bronze Dore Peacock Figure,042378,product-042378,yes,77,3,yes,
newel.com/product/victorian-pine-draped-female-figures.html,Victorian Pine Draped Female Figures,035068B,product-035068b,yes,53,3,yes,
newel.com/product/victorian-stripped-musician-figures.html,Pair of Victorian Stripped Musician Figures,037391C,product-037391c,yes,42,39,yes,
newel.com/product/vienesse-sessionist-movement-side-chairs.html,Mid-Century (possibly Swedish) mahogany side chair,REG4850,product-reg4850,yes,60,58,yes,
newel.com/product/viennese-sucessionist-egyptian-revival-thebes-stools.html,Pair of Viennese Secessionist Egyptian Revival Thebes Stools,NWL7571,product-nwl7571,yes,53,53,yes,
newel.com/product/vittorio-dassi-mid-century-italian-modern-walnut-and-black-leather-upholstered-long-bench-.html,Vittorio Dassi Mid-Century Italian Modern Walnut and Black Leather Upholstered Long Bench,REG4978,product-reg4978,yes,60,60,yes,
newel.com/product/white-and-pink-loop-armchairs.html,newel.com | 520: Web server is returning an unknown error,,,no,0,0,no,Cloudflare/HTTP error shell; incomplete images; excluded from keep-set